project,case_id,method,variant,status,true_positives,false_positives,true_negatives,false_negatives,precision,recall,f1_score,accuracy,success_count,failure_count,prompt_tokens,completion_tokens,total_tokens,query_count
flask,pair_2,LogSage_OriginalLog,OriginalLog,success,1,0,0,0,1.0,1.0,1.0,1.0,1,0,23373,165,23538,1
terraform,pair_3,LogSage_OriginalLog,OriginalLog,success,1,0,0,0,1.0,1.0,1.0,1.0,1,0,11179,157,11336,1
flask,pair_1,LogSage_OriginalLog,OriginalLog,success,1,0,0,0,1.0,1.0,1.0,1.0,1,0,19155,174,19329,1
terraform,pair_2,LogSage_OriginalLog,OriginalLog,success,1,0,0,0,1.0,1.0,1.0,1.0,1,0,28983,160,29143,1
terraform,pair_1,LogSage_OriginalLog,OriginalLog,success,1,0,0,0,1.0,1.0,1.0,1.0,1,0,31611,151,31762,1
alpine,pair_1,LogSage_OriginalLog,OriginalLog,success,1,0,0,0,1.0,1.0,1.0,1.0,1,0,23163,120,23283,1
flask,pair_3,LogSage_OriginalLog,OriginalLog,success,1,0,0,0,1.0,1.0,1.0,1.0,1,0,91833,189,92022,1
flask,pair_4,LogSage_OriginalLog,OriginalLog,success,1,0,0,0,1.0,1.0,1.0,1.0,1,0,108743,91,108834,1
alpine,pair_2,LogSage_OriginalLog,OriginalLog,success,1,0,0,0,1.0,1.0,1.0,1.0,1,0,61426,113,61539,1
ui,pair_2,LogSage_OriginalLog,OriginalLog,success,0,0,0,1,0,0.0,0,0.0,1,0,92132,5,92137,1
wtfpython,pair_3,LogSage_OriginalLog,OriginalLog,success,1,0,0,0,1.0,1.0,1.0,1.0,1,0,8817,131,8948,1
wtfpython,pair_4,LogSage_OriginalLog,OriginalLog,success,1,0,0,0,1.0,1.0,1.0,1.0,1,0,8822,131,8953,1
wtfpython,pair_2,LogSage_OriginalLog,OriginalLog,success,1,0,0,0,1.0,1.0,1.0,1.0,1,0,8708,113,8821,1
ui,pair_1,LogSage_OriginalLog,OriginalLog,success,1,0,0,0,1.0,1.0,1.0,1.0,1,0,21462,110,21572,1
netdata,pair_1,LogSage_OriginalLog,OriginalLog,success,0,0,0,1,0,0.0,0,0.0,1,0,97787,5,97792,1
styled-components,pair_1,LogSage_OriginalLog,OriginalLog,success,1,0,0,0,1.0,1.0,1.0,1.0,1,0,11555,105,11660,1
cypress,pair_4,LogSage_OriginalLog,OriginalLog,success,1,0,0,0,1.0,1.0,1.0,1.0,1,0,8655,96,8751,1
netdata,pair_4,LogSage_OriginalLog,OriginalLog,success,1,0,0,0,1.0,1.0,1.0,1.0,1,0,97598,456,98054,1
netdata,pair_2,LogSage_OriginalLog,OriginalLog,success,0,0,0,1,0,0.0,0,0.0,1,0,102056,5,102061,1
cypress,pair_3,LogSage_OriginalLog,OriginalLog,success,1,0,0,0,1.0,1.0,1.0,1.0,1,0,8656,96,8752,1
cypress,pair_2,LogSage_OriginalLog,OriginalLog,success,1,0,0,0,1.0,1.0,1.0,1.0,1,0,8647,90,8737,1
cypress,pair_1,LogSage_OriginalLog,OriginalLog,success,1,0,0,0,1.0,1.0,1.0,1.0,1,0,8655,90,8745,1
netdata,pair_3,LogSage_OriginalLog,OriginalLog,success,0,0,0,1,0,0.0,0,0.0,1,0,108993,5,108998,1
hugo,pair_2,LogSage_OriginalLog,OriginalLog,success,0,0,0,1,0,0.0,0,0.0,1,0,100282,5,100287,1
hugo,pair_4,LogSage_OriginalLog,OriginalLog,success,0,0,0,1,0,0.0,0,0.0,1,0,102993,5,102998,1
hugo,pair_3,LogSage_OriginalLog,OriginalLog,success,0,0,0,1,0,0.0,0,0.0,1,0,102981,5,102986,1
wtfpython,pair_1,LogSage_OriginalLog,OriginalLog,success,0,0,0,1,0,0.0,0,0.0,1,0,87814,1000,88814,1
open-webui,pair_1,LogSage_OriginalLog,OriginalLog,success,1,0,0,0,1.0,1.0,1.0,1.0,1,2,12411,129,12540,1
open-webui,pair_3,LogSage_OriginalLog,OriginalLog,success,0,0,0,1,0,0.0,0,0.0,1,2,97338,5,97343,1
lx-music-desktop,pair_1,LogSage_OriginalLog,OriginalLog,success,1,0,0,0,1.0,1.0,1.0,1.0,1,0,21529,121,21650,1
bubbletea,pair_3,LogSage_OriginalLog,OriginalLog,success,1,0,0,0,1.0,1.0,1.0,1.0,1,0,12361,151,12512,1
open-webui,pair_4,LogSage_OriginalLog,OriginalLog,failed,0,0,0,0,0,0,0,0,0,0,0,0,0,0
hugo,pair_1,LogSage_OriginalLog,OriginalLog,failed,0,0,0,0,0,0,0,0,0,0,0,0,0,0
bubbletea,pair_4,LogSage_OriginalLog,OriginalLog,success,0,1,0,0,0.0,0,0,0.0,1,0,90777,209,90986,1
bubbletea,pair_2,LogSage_OriginalLog,OriginalLog,success,0,1,0,0,0.0,0,0,0.0,1,0,17413,193,17606,1
open-webui,pair_2,LogSage_OriginalLog,OriginalLog,failed,0,0,0,0,0,0,0,0,0,0,0,0,0,0
bubbletea,pair_1,LogSage_OriginalLog,OriginalLog,success,0,1,0,0,0.0,0,0,0.0,1,0,17876,255,18131,1
insomnia,pair_3,LogSage_OriginalLog,OriginalLog,success,1,0,0,0,1.0,1.0,1.0,1.0,1,0,50729,121,50850,1
prettier,pair_4,LogSage_OriginalLog,OriginalLog,success,1,0,0,0,1.0,1.0,1.0,1.0,1,0,31165,122,31287,1
prettier,pair_2,LogSage_OriginalLog,OriginalLog,success,1,0,0,0,1.0,1.0,1.0,1.0,1,0,12995,103,13098,1
starship,pair_4,LogSage_OriginalLog,OriginalLog,success,1,0,0,0,1.0,1.0,1.0,1.0,1,0,10461,133,10594,1
prettier,pair_1,LogSage_OriginalLog,OriginalLog,success,1,0,0,0,1.0,1.0,1.0,1.0,1,0,12102,143,12245,1
starship,pair_3,LogSage_OriginalLog,OriginalLog,success,1,0,0,0,1.0,1.0,1.0,1.0,1,0,10463,136,10599,1
starship,pair_2,LogSage_OriginalLog,OriginalLog,success,1,0,0,0,1.0,1.0,1.0,1.0,1,0,10479,147,10626,1
starship,pair_1,LogSage_OriginalLog,OriginalLog,success,1,0,0,0,1.0,1.0,1.0,1.0,1,0,10471,151,10622,1
mantine,pair_1,LogSage_OriginalLog,OriginalLog,success,1,0,0,0,1.0,1.0,1.0,1.0,1,0,43731,128,43859,1
insomnia,pair_2,LogSage_OriginalLog,OriginalLog,success,0,1,0,0,0.0,0,0,0.0,1,0,110674,437,111111,1
insomnia,pair_1,LogSage_OriginalLog,OriginalLog,success,0,1,0,0,0.0,0,0,0.0,1,0,111164,505,111669,1
ionic-framework,pair_2,LogSage_OriginalLog,OriginalLog,success,1,0,0,0,1.0,1.0,1.0,1.0,1,0,32096,157,32253,1
ionic-framework,pair_3,LogSage_OriginalLog,OriginalLog,success,0,0,0,1,0,0.0,0,0.0,1,0,52725,222,52947,1
ionic-framework,pair_4,LogSage_OriginalLog,OriginalLog,success,0,0,0,1,0,0.0,0,0.0,1,0,103046,5,103051,1
prettier,pair_3,LogSage_OriginalLog,OriginalLog,success,0,0,0,1,0,0.0,0,0.0,2,1,208834,1288,210122,2
ionic-framework,pair_1,LogSage_OriginalLog,OriginalLog,success,0,0,0,1,0,0.0,0,0.0,1,0,97948,458,98406,1
jan,pair_1,LogSage_OriginalLog,OriginalLog,success,0,0,0,1,0,0.0,0,0.0,1,2,100222,124,100346,1
certbot,pair_4,LogSage_OriginalLog,OriginalLog,success,0,0,0,1,0,0.0,0,0.0,1,2,9557,108,9665,1
certbot,pair_3,LogSage_OriginalLog,OriginalLog,success,1,0,0,0,1.0,1.0,1.0,1.0,1,0,9564,132,9696,1
jan,pair_4,LogSage_OriginalLog,OriginalLog,failed,0,0,0,0,0,0,0,0,0,0,0,0,0,0
jan,pair_3,LogSage_OriginalLog,OriginalLog,failed,0,0,0,0,0,0,0,0,0,0,0,0,0,0
certbot,pair_1,LogSage_OriginalLog,OriginalLog,success,1,0,0,0,1.0,1.0,1.0,1.0,1,0,4210,109,4319,1
jan,pair_2,LogSage_OriginalLog,OriginalLog,failed,0,0,0,0,0,0,0,0,0,0,0,0,0,0
certbot,pair_2,LogSage_OriginalLog,OriginalLog,success,1,0,0,0,1.0,1.0,1.0,1.0,1,1,4209,118,4327,1
llama_index,pair_4,LogSage_OriginalLog,OriginalLog,success,1,0,0,0,1.0,1.0,1.0,1.0,1,0,48464,199,48663,1
gpt_academic,pair_1,LogSage_OriginalLog,OriginalLog,success,1,0,0,0,1.0,1.0,1.0,1.0,1,0,90537,147,90684,1
gpt_academic,pair_4,LogSage_OriginalLog,OriginalLog,success,1,0,0,0,1.0,1.0,1.0,1.0,1,0,79278,194,79472,1
gpt_academic,pair_2,LogSage_OriginalLog,OriginalLog,success,1,0,0,0,1.0,1.0,1.0,1.0,1,0,79234,146,79380,1
llama_index,pair_3,LogSage_OriginalLog,OriginalLog,success,0,1,0,0,0.0,0,0,0.0,1,0,25754,144,25898,1
gpt_academic,pair_3,LogSage_OriginalLog,OriginalLog,success,1,0,0,0,1.0,1.0,1.0,1.0,1,0,90399,181,90580,1
llama_index,pair_2,LogSage_OriginalLog,OriginalLog,success,0,1,0,0,0.0,0,0,0.0,1,0,25679,142,25821,1
markitdown,pair_3,LogSage_OriginalLog,OriginalLog,success,1,0,0,0,1.0,1.0,1.0,1.0,1,0,11749,141,11890,1
markitdown,pair_2,LogSage_OriginalLog,OriginalLog,success,1,0,0,0,1.0,1.0,1.0,1.0,1,0,21597,114,21711,1
llama_index,pair_1,LogSage_OriginalLog,OriginalLog,success,1,0,0,0,1.0,1.0,1.0,1.0,1,0,48335,213,48548,1
terminal,pair_4,LogSage_OriginalLog,OriginalLog,success,1,0,0,0,1.0,1.0,1.0,1.0,1,0,3872,91,3963,1
docling,pair_1,LogSage_OriginalLog,OriginalLog,success,1,0,0,0,1.0,1.0,1.0,1.0,1,0,23925,86,24011,1
terminal,pair_3,LogSage_OriginalLog,OriginalLog,success,1,0,0,0,1.0,1.0,1.0,1.0,1,0,3872,95,3967,1
terminal,pair_2,LogSage_OriginalLog,OriginalLog,success,1,0,0,0,1.0,1.0,1.0,1.0,1,0,3872,89,3961,1
markitdown,pair_4,LogSage_OriginalLog,OriginalLog,success,1,0,0,0,1.0,1.0,1.0,1.0,1,0,59719,258,59977,1
terminal,pair_1,LogSage_OriginalLog,OriginalLog,success,1,0,0,0,1.0,1.0,1.0,1.0,1,0,3872,87,3959,1
markitdown,pair_1,LogSage_OriginalLog,OriginalLog,success,1,0,0,0,1.0,1.0,1.0,1.0,1,0,21466,508,21974,1
vllm,pair_3,LogSage_OriginalLog,OriginalLog,success,1,0,0,0,1.0,1.0,1.0,1.0,1,0,50166,103,50269,1
vllm,pair_1,LogSage_OriginalLog,OriginalLog,success,0,0,0,1,0,0.0,0,0.0,1,0,74368,164,74532,1
vllm,pair_4,LogSage_OriginalLog,OriginalLog,success,0,0,0,1,0,0.0,0,0.0,1,0,103437,333,103770,1
vllm,pair_2,LogSage_OriginalLog,OriginalLog,success,0,0,0,1,0,0.0,0,0.0,1,0,98165,5,98170,1
grafana,pair_3,LogSage_OriginalLog,OriginalLog,success,0,0,0,1,0,0.0,0,0.0,1,0,36849,1000,37849,1
grafana,pair_4,LogSage_OriginalLog,OriginalLog,success,0,0,0,1,0,0.0,0,0.0,1,0,106187,249,106436,1
htmx,pair_1,LogSage_OriginalLog,OriginalLog,success,1,0,0,0,1.0,1.0,1.0,1.0,1,2,20088,122,20210,1
playwright,pair_4,LogSage_OriginalLog,OriginalLog,success,1,0,0,0,1.0,1.0,1.0,1.0,1,0,23126,109,23235,1
playwright,pair_3,LogSage_OriginalLog,OriginalLog,success,1,0,0,0,1.0,1.0,1.0,1.0,1,0,32445,82,32527,1
grafana,pair_1,LogSage_OriginalLog,OriginalLog,failed,0,0,0,0,0,0,0,0,0,0,0,0,0,0
bruno,pair_1,LogSage_OriginalLog,OriginalLog,failed,0,0,0,0,0,0,0,0,0,0,0,0,0,0
grafana,pair_2,LogSage_OriginalLog,OriginalLog,failed,0,0,0,0,0,0,0,0,0,0,0,0,0,0
nvm,pair_4,LogSage_OriginalLog,OriginalLog,success,1,0,0,0,1.0,1.0,1.0,1.0,1,0,19887,118,20005,1
nvm,pair_3,LogSage_OriginalLog,OriginalLog,success,1,0,0,0,1.0,1.0,1.0,1.0,1,0,9590,73,9663,1
htmx,pair_2,LogSage_OriginalLog,OriginalLog,failed,0,0,0,0,0,0,0,0,0,0,0,0,0,0
playwright,pair_1,LogSage_OriginalLog,OriginalLog,success,1,0,0,0,1.0,1.0,1.0,1.0,1,0,101230,132,101362,1
playwright,pair_2,LogSage_OriginalLog,OriginalLog,success,1,0,0,0,1.0,1.0,1.0,1.0,1,0,89204,121,89325,1
nvm,pair_2,LogSage_OriginalLog,OriginalLog,success,1,0,0,0,1.0,1.0,1.0,1.0,1,0,19969,103,20072,1
nvm,pair_1,LogSage_OriginalLog,OriginalLog,success,0,1,0,0,0.0,0,0,0.0,1,0,9667,123,9790,1
slate,pair_4,LogSage_OriginalLog,OriginalLog,success,1,0,0,0,1.0,1.0,1.0,1.0,1,0,17638,107,17745,1
slate,pair_3,LogSage_OriginalLog,OriginalLog,success,1,0,0,0,1.0,1.0,1.0,1.0,1,0,17970,105,18075,1
slate,pair_2,LogSage_OriginalLog,OriginalLog,success,1,0,0,0,1.0,1.0,1.0,1.0,1,0,17222,121,17343,1
mongoose,pair_4,LogSage_OriginalLog,OriginalLog,success,1,0,0,0,1.0,1.0,1.0,1.0,1,0,10556,176,10732,1
mongoose,pair_3,LogSage_OriginalLog,OriginalLog,success,1,0,0,0,1.0,1.0,1.0,1.0,1,0,22500,151,22651,1
slate,pair_1,LogSage_OriginalLog,OriginalLog,success,0,0,0,1,0,0.0,0,0.0,1,0,95994,5,95999,1
lossless-cut,pair_4,LogSage_OriginalLog,OriginalLog,success,0,0,0,1,0,0.0,0,0.0,1,0,89796,5,89801,1
mongoose,pair_2,LogSage_OriginalLog,OriginalLog,success,1,0,0,0,1.0,1.0,1.0,1.0,1,0,117985,118,118103,1
mongoose,pair_1,LogSage_OriginalLog,OriginalLog,success,0,0,0,1,0,0.0,0,0.0,1,0,118511,5,118516,1
lossless-cut,pair_3,LogSage_OriginalLog,OriginalLog,success,0,0,0,1,0,0.0,0,0.0,1,0,89801,251,90052,1
Ghost,pair_2,LogSage_OriginalLog,OriginalLog,success,0,0,0,1,0,0.0,0,0.0,1,0,69076,140,69216,1
lossless-cut,pair_1,LogSage_OriginalLog,OriginalLog,success,0,0,0,1,0,0.0,0,0.0,1,0,89806,5,89811,1
lossless-cut,pair_2,LogSage_OriginalLog,OriginalLog,success,0,0,0,1,0,0.0,0,0.0,1,0,89867,174,90041,1
supabase,pair_3,LogSage_OriginalLog,OriginalLog,failed,0,0,0,0,0,0,0,0,0,0,0,0,0,0
supabase,pair_1,LogSage_OriginalLog,OriginalLog,failed,0,0,0,0,0,0,0,0,0,0,0,0,0,0
Ghost,pair_1,LogSage_OriginalLog,OriginalLog,failed,0,0,0,0,0,0,0,0,0,0,0,0,0,0
supabase,pair_4,LogSage_OriginalLog,OriginalLog,failed,0,0,0,0,0,0,0,0,0,0,0,0,0,0
supabase,pair_2,LogSage_OriginalLog,OriginalLog,failed,0,0,0,0,0,0,0,0,0,0,0,0,0,0
retrofit,pair_2,LogSage_OriginalLog,OriginalLog,success,1,0,0,0,1.0,1.0,1.0,1.0,1,0,29516,121,29637,1
PowerShell,pair_4,LogSage_OriginalLog,OriginalLog,success,1,0,0,0,1.0,1.0,1.0,1.0,1,0,8480,86,8566,1
retrofit,pair_1,LogSage_OriginalLog,OriginalLog,success,1,0,0,0,1.0,1.0,1.0,1.0,1,0,22642,172,22814,1
PowerShell,pair_3,LogSage_OriginalLog,OriginalLog,success,1,0,0,0,1.0,1.0,1.0,1.0,1,0,11979,187,12166,1
PowerShell,pair_2,LogSage_OriginalLog,OriginalLog,success,1,0,0,0,1.0,1.0,1.0,1.0,1,0,12268,176,12444,1
PowerShell,pair_1,LogSage_OriginalLog,OriginalLog,success,1,0,0,0,1.0,1.0,1.0,1.0,1,0,12491,164,12655,1
retrofit,pair_4,LogSage_OriginalLog,OriginalLog,success,0,0,0,1,0,0.0,0,0.0,1,0,107655,5,107660,1
retrofit,pair_3,LogSage_OriginalLog,OriginalLog,success,0,0,0,1,0,0.0,0,0.0,1,0,107624,5,107629,1
LLMs-from-scratch,pair_4,LogSage_OriginalLog,OriginalLog,success,1,0,0,0,1.0,1.0,1.0,1.0,1,0,20582,115,20697,1
LLMs-from-scratch,pair_1,LogSage_OriginalLog,OriginalLog,success,1,0,0,0,1.0,1.0,1.0,1.0,1,0,20591,109,20700,1
LLMs-from-scratch,pair_3,LogSage_OriginalLog,OriginalLog,success,1,0,0,0,1.0,1.0,1.0,1.0,1,0,29217,225,29442,1
LLMs-from-scratch,pair_2,LogSage_OriginalLog,OriginalLog,success,1,0,0,0,1.0,1.0,1.0,1.0,1,0,22299,305,22604,1
n8n,pair_2,LogSage_OriginalLog,OriginalLog,success,1,0,0,0,1.0,1.0,1.0,1.0,1,0,121450,93,121543,1
n8n,pair_1,LogSage_OriginalLog,OriginalLog,success,0,1,0,0,0.0,0,0,0.0,1,0,104523,143,104666,1
uv,pair_3,LogSage_OriginalLog,OriginalLog,success,0,0,0,1,0,0.0,0,0.0,1,0,110045,5,110050,1
n8n,pair_4,LogSage_OriginalLog,OriginalLog,success,1,0,0,0,1.0,1.0,1.0,1.0,1,0,103126,320,103446,1
n8n,pair_3,LogSage_OriginalLog,OriginalLog,success,0,0,0,1,0,0.0,0,0.0,1,0,121445,152,121597,1
uv,pair_2,LogSage_OriginalLog,OriginalLog,success,0,0,0,1,0,0.0,0,0.0,1,0,109949,5,109954,1
uv,pair_1,LogSage_OriginalLog,OriginalLog,success,0,0,0,1,0,0.0,0,0.0,1,0,109568,5,109573,1
code-server,pair_3,LogSage_OriginalLog,OriginalLog,failed,0,0,0,0,0,0,0,0,0,0,0,0,0,0
code-server,pair_2,LogSage_OriginalLog,OriginalLog,failed,0,0,0,0,0,0,0,0,0,0,0,0,0,0
code-server,pair_1,LogSage_OriginalLog,OriginalLog,failed,0,0,0,0,0,0,0,0,0,0,0,0,0,0
stable-diffusion-webui,pair_4,LogSage_OriginalLog,OriginalLog,failed,0,0,0,0,0,0,0,0,0,0,0,0,0,0
stable-diffusion-webui,pair_1,LogSage_OriginalLog,OriginalLog,success,1,0,0,0,1.0,1.0,1.0,1.0,1,0,9397,149,9546,1
stable-diffusion-webui,pair_2,LogSage_OriginalLog,OriginalLog,success,1,0,0,0,1.0,1.0,1.0,1.0,1,0,9399,193,9592,1
cpython,pair_3,LogSage_OriginalLog,OriginalLog,success,1,0,0,0,1.0,1.0,1.0,1.0,1,0,21921,158,22079,1
stable-diffusion-webui,pair_3,LogSage_OriginalLog,OriginalLog,failed,0,0,0,0,0,0,0,0,0,0,0,0,0,0
cpython,pair_1,LogSage_OriginalLog,OriginalLog,success,0,0,0,1,0,0.0,0,0.0,1,0,93293,5,93298,1
cpython,pair_2,LogSage_OriginalLog,OriginalLog,success,1,0,0,0,1.0,1.0,1.0,1.0,1,0,22151,331,22482,1
meilisearch,pair_3,LogSage_OriginalLog,OriginalLog,success,0,1,0,0,0.0,0,0,0.0,1,0,105985,163,106148,1
cpython,pair_4,LogSage_OriginalLog,OriginalLog,success,0,0,0,1,0,0.0,0,0.0,1,0,98777,5,98782,1
meilisearch,pair_4,LogSage_OriginalLog,OriginalLog,success,0,1,0,0,0.0,0,0,0.0,1,0,105998,152,106150,1
meilisearch,pair_1,LogSage_OriginalLog,OriginalLog,success,1,0,0,0,1.0,1.0,1.0,1.0,1,0,26175,147,26322,1
meilisearch,pair_2,LogSage_OriginalLog,OriginalLog,success,1,0,0,0,1.0,1.0,1.0,1.0,1,0,27454,160,27614,1
ColossalAI,pair_3,LogSage_OriginalLog,OriginalLog,success,0,0,0,1,0,0.0,0,0.0,1,0,92034,5,92039,1
ink-kit,pair_3,LogSage_OriginalLog,OriginalLog,success,1,0,0,0,1.0,1.0,1.0,1.0,1,0,11576,124,11700,1
ColossalAI,pair_4,LogSage_OriginalLog,OriginalLog,success,0,0,0,1,0,0.0,0,0.0,1,0,92017,5,92022,1
ink-kit,pair_2,LogSage_OriginalLog,OriginalLog,success,1,0,0,0,1.0,1.0,1.0,1.0,1,0,17050,142,17192,1
ColossalAI,pair_2,LogSage_OriginalLog,OriginalLog,success,0,0,0,1,0,0.0,0,0.0,1,0,92048,5,92053,1
ColossalAI,pair_1,LogSage_OriginalLog,OriginalLog,success,0,0,0,1,0,0.0,0,0.0,1,0,33959,142,34101,1
ink-kit,pair_1,LogSage_OriginalLog,OriginalLog,success,0,0,0,1,0,0.0,0,0.0,1,0,16812,177,16989,1
fuels-ts,pair_2,LogSage_OriginalLog,OriginalLog,failed,0,0,0,0,0,0,0,0,0,0,0,0,0,0
fuels-ts,pair_3,LogSage_OriginalLog,OriginalLog,failed,0,0,0,0,0,0,0,0,0,0,0,0,0,0
AutoGPT,pair_3,LogSage_OriginalLog,OriginalLog,failed,0,0,0,0,0,0,0,0,0,0,0,0,0,0
AutoGPT,pair_4,LogSage_OriginalLog,OriginalLog,failed,0,0,0,0,0,0,0,0,0,0,0,0,0,0
fuels-ts,pair_1,LogSage_OriginalLog,OriginalLog,failed,0,0,0,0,0,0,0,0,0,0,0,0,0,0
commander.js,pair_4,LogSage_OriginalLog,OriginalLog,success,1,0,0,0,1.0,1.0,1.0,1.0,1,0,9811,129,9940,1
commander.js,pair_3,LogSage_OriginalLog,OriginalLog,success,1,0,0,0,1.0,1.0,1.0,1.0,1,0,9300,164,9464,1
AutoGPT,pair_1,LogSage_OriginalLog,OriginalLog,success,0,1,0,0,0.0,0,0,0.0,1,0,75348,77,75425,1
AutoGPT,pair_2,LogSage_OriginalLog,OriginalLog,success,1,0,0,0,1.0,1.0,1.0,1.0,1,0,10934,228,11162,1
RxJava,pair_1,LogSage_OriginalLog,OriginalLog,success,1,0,0,0,1.0,1.0,1.0,1.0,1,0,38065,216,38281,1
commander.js,pair_1,LogSage_OriginalLog,OriginalLog,success,1,0,0,0,1.0,1.0,1.0,1.0,1,0,15493,113,15606,1
commander.js,pair_2,LogSage_OriginalLog,OriginalLog,success,1,0,0,0,1.0,1.0,1.0,1.0,1,0,9788,131,9919,1
generative-ai-for-beginners,pair_3,LogSage_OriginalLog,OriginalLog,success,1,0,0,0,1.0,1.0,1.0,1.0,1,0,25838,190,26028,1
generative-ai-for-beginners,pair_4,LogSage_OriginalLog,OriginalLog,success,1,0,0,0,1.0,1.0,1.0,1.0,1,0,24716,167,24883,1
generative-ai-for-beginners,pair_2,LogSage_OriginalLog,OriginalLog,success,1,0,0,0,1.0,1.0,1.0,1.0,1,0,21891,204,22095,1
generative-ai-for-beginners,pair_1,LogSage_OriginalLog,OriginalLog,success,1,0,0,0,1.0,1.0,1.0,1.0,1,0,22020,199,22219,1
julia,pair_4,LogSage_OriginalLog,OriginalLog,success,1,0,0,0,1.0,1.0,1.0,1.0,1,0,8207,103,8310,1
duckdb,pair_3,LogSage_OriginalLog,OriginalLog,success,1,0,0,0,1.0,1.0,1.0,1.0,1,0,24542,187,24729,1
duckdb,pair_2,LogSage_OriginalLog,OriginalLog,success,0,0,0,1,0,0.0,0,0.0,1,0,102211,5,102216,1
julia,pair_3,LogSage_OriginalLog,OriginalLog,success,1,0,0,0,1.0,1.0,1.0,1.0,1,0,11254,102,11356,1
julia,pair_2,LogSage_OriginalLog,OriginalLog,success,1,0,0,0,1.0,1.0,1.0,1.0,1,0,8728,125,8853,1
julia,pair_1,LogSage_OriginalLog,OriginalLog,success,1,0,0,0,1.0,1.0,1.0,1.0,1,0,11276,122,11398,1
duckdb,pair_4,LogSage_OriginalLog,OriginalLog,success,0,1,0,0,0.0,0,0,0.0,1,0,96025,265,96290,1
youtube-dl,pair_1,LogSage_OriginalLog,OriginalLog,success,1,0,0,0,1.0,1.0,1.0,1.0,1,0,24487,129,24616,1
duckdb,pair_1,LogSage_OriginalLog,OriginalLog,success,0,1,0,0,0.0,0,0,0.0,1,0,96078,165,96243,1
cockroach,pair_3,LogSage_OriginalLog,OriginalLog,success,1,0,0,0,1.0,1.0,1.0,1.0,1,0,5543,138,5681,1
youtube-dl,pair_2,LogSage_OriginalLog,OriginalLog,success,1,0,0,0,1.0,1.0,1.0,1.0,1,0,55241,141,55382,1
cockroach,pair_2,LogSage_OriginalLog,OriginalLog,success,1,0,0,0,1.0,1.0,1.0,1.0,1,0,22152,139,22291,1
fabric,pair_3,LogSage_OriginalLog,OriginalLog,success,1,0,0,0,1.0,1.0,1.0,1.0,1,0,14164,92,14256,1
cockroach,pair_1,LogSage_OriginalLog,OriginalLog,success,1,0,0,0,1.0,1.0,1.0,1.0,1,0,33778,93,33871,1
fabric,pair_2,LogSage_OriginalLog,OriginalLog,success,0,0,0,1,0,0.0,0,0.0,1,0,43322,92,43414,1
fabric,pair_4,LogSage_OriginalLog,OriginalLog,success,0,0,0,1,0,0.0,0,0.0,1,0,59749,109,59858,1
fabric,pair_1,LogSage_OriginalLog,OriginalLog,success,0,0,0,1,0,0.0,0,0.0,1,0,91846,218,92064,1
pixijs,pair_4,LogSage_OriginalLog,OriginalLog,success,1,0,0,0,1.0,1.0,1.0,1.0,1,2,11459,239,11698,1
pixijs,pair_3,LogSage_OriginalLog,OriginalLog,success,1,0,0,0,1.0,1.0,1.0,1.0,1,0,11691,205,11896,1
pixijs,pair_2,LogSage_OriginalLog,OriginalLog,success,1,0,0,0,1.0,1.0,1.0,1.0,1,0,28270,69,28339,1
dubbo,pair_4,LogSage_OriginalLog,OriginalLog,failed,0,0,0,0,0,0,0,0,0,0,0,0,0,0
dubbo,pair_2,LogSage_OriginalLog,OriginalLog,failed,0,0,0,0,0,0,0,0,0,0,0,0,0,0
dubbo,pair_3,LogSage_OriginalLog,OriginalLog,failed,0,0,0,0,0,0,0,0,0,0,0,0,0,0
dubbo,pair_1,LogSage_OriginalLog,OriginalLog,failed,0,0,0,0,0,0,0,0,0,0,0,0,0,0
pixijs,pair_1,LogSage_OriginalLog,OriginalLog,success,1,0,0,0,1.0,1.0,1.0,1.0,1,0,15845,177,16022,1
ollama,pair_1,LogSage_OriginalLog,OriginalLog,success,1,0,0,0,1.0,1.0,1.0,1.0,1,0,13825,89,13914,1
okhttp,pair_3,LogSage_OriginalLog,OriginalLog,success,1,0,0,0,1.0,1.0,1.0,1.0,1,0,60439,119,60558,1
okhttp,pair_1,LogSage_OriginalLog,OriginalLog,success,1,0,0,0,1.0,1.0,1.0,1.0,1,0,89024,100,89124,1
tailwindcss,pair_2,LogSage_OriginalLog,OriginalLog,success,1,0,0,0,1.0,1.0,1.0,1.0,1,0,69102,111,69213,1
okhttp,pair_2,LogSage_OriginalLog,OriginalLog,success,1,0,0,0,1.0,1.0,1.0,1.0,1,0,67320,141,67461,1
neovim,pair_1,LogSage_OriginalLog,OriginalLog,success,0,0,0,1,0,0.0,0,0.0,1,0,95482,5,95487,1
django,pair_4,LogSage_OriginalLog,OriginalLog,success,1,0,0,0,1.0,1.0,1.0,1.0,1,0,15870,116,15986,1
django,pair_3,LogSage_OriginalLog,OriginalLog,success,1,0,0,0,1.0,1.0,1.0,1.0,1,0,10964,115,11079,1
django,pair_2,LogSage_OriginalLog,OriginalLog,success,1,0,0,0,1.0,1.0,1.0,1.0,1,0,11674,104,11778,1
tailwindcss,pair_1,LogSage_OriginalLog,OriginalLog,success,1,0,0,0,1.0,1.0,1.0,1.0,1,0,72813,142,72955,1
dify,pair_4,LogSage_OriginalLog,OriginalLog,success,1,0,0,0,1.0,1.0,1.0,1.0,1,0,34566,117,34683,1
elasticsearch,pair_4,LogSage_OriginalLog,OriginalLog,failed,0,0,0,0,0,0,0,0,0,0,0,0,0,0
dify,pair_3,LogSage_OriginalLog,OriginalLog,success,0,1,0,0,0.0,0,0,0.0,1,0,60176,171,60347,1
dify,pair_1,LogSage_OriginalLog,OriginalLog,success,1,0,0,0,1.0,1.0,1.0,1.0,1,0,9684,125,9809,1
dify,pair_2,LogSage_OriginalLog,OriginalLog,success,1,0,0,0,1.0,1.0,1.0,1.0,1,0,53975,133,54108,1
elasticsearch,pair_2,LogSage_OriginalLog,OriginalLog,success,1,0,0,0,1.0,1.0,1.0,1.0,1,0,29189,122,29311,1
django,pair_1,LogSage_OriginalLog,OriginalLog,success,0,0,0,1,0,0.0,0,0.0,1,0,105271,440,105711,1
elasticsearch,pair_1,LogSage_OriginalLog,OriginalLog,success,0,0,0,1,0,0.0,0,0.0,1,0,29711,120,29831,1
stats,pair_4,LogSage_OriginalLog,OriginalLog,success,0,0,0,1,0,0.0,0,0.0,1,0,24480,117,24597,1
elasticsearch,pair_3,LogSage_OriginalLog,OriginalLog,success,0,0,0,1,0,0.0,0,0.0,1,0,97238,111,97349,1
stats,pair_3,LogSage_OriginalLog,OriginalLog,failed,0,0,0,0,0,0,0,0,0,0,0,0,0,0
stats,pair_1,LogSage_OriginalLog,OriginalLog,failed,0,0,0,0,0,0,0,0,0,0,0,0,0,0
stats,pair_2,LogSage_OriginalLog,OriginalLog,failed,0,0,0,0,0,0,0,0,0,0,0,0,0,0
fzf,pair_1,LogSage_OriginalLog,OriginalLog,failed,0,0,0,0,0,0,0,0,0,0,0,0,0,0
godot,pair_2,LogSage_OriginalLog,OriginalLog,success,1,0,0,0,1.0,1.0,1.0,1.0,1,0,18750,109,18859,1
spark,pair_4,LogSage_OriginalLog,OriginalLog,success,1,0,0,0,1.0,1.0,1.0,1.0,1,0,5163,113,5276,1
godot,pair_3,LogSage_OriginalLog,OriginalLog,success,1,0,0,0,1.0,1.0,1.0,1.0,1,0,23308,216,23524,1
spark,pair_3,LogSage_OriginalLog,OriginalLog,success,1,0,0,0,1.0,1.0,1.0,1.0,1,0,5157,108,5265,1
godot,pair_4,LogSage_OriginalLog,OriginalLog,failed,0,0,0,0,0,0,0,0,0,0,0,0,0,0
spark,pair_2,LogSage_OriginalLog,OriginalLog,success,1,0,0,0,1.0,1.0,1.0,1.0,1,0,5156,119,5275,1
spark,pair_1,LogSage_OriginalLog,OriginalLog,success,1,0,0,0,1.0,1.0,1.0,1.0,1,0,5156,122,5278,1
godot,pair_1,LogSage_OriginalLog,OriginalLog,success,0,0,0,1,0,0.0,0,0.0,1,0,93924,5,93929,1
pandas,pair_4,LogSage_OriginalLog,OriginalLog,failed,0,0,0,0,0,0,0,0,0,0,0,0,0,0
laravel,pair_3,LogSage_OriginalLog,OriginalLog,success,1,0,0,0,1.0,1.0,1.0,1.0,1,0,31006,103,31109,1
laravel,pair_4,LogSage_OriginalLog,OriginalLog,success,1,0,0,0,1.0,1.0,1.0,1.0,1,0,31005,94,31099,1
laravel,pair_2,LogSage_OriginalLog,OriginalLog,success,1,0,0,0,1.0,1.0,1.0,1.0,1,0,31004,101,31105,1
laravel,pair_1,LogSage_OriginalLog,OriginalLog,success,1,0,0,0,1.0,1.0,1.0,1.0,1,0,31002,101,31103,1
AdminLTE,pair_2,LogSage_OriginalLog,OriginalLog,success,1,0,0,0,1.0,1.0,1.0,1.0,1,0,17385,133,17518,1
pandas,pair_1,LogSage_OriginalLog,OriginalLog,success,0,0,0,1,0,0.0,0,0.0,1,0,98243,5,98248,1
AdminLTE,pair_1,LogSage_OriginalLog,OriginalLog,success,1,0,0,0,1.0,1.0,1.0,1.0,1,0,29037,164,29201,1
vault,pair_3,LogSage_OriginalLog,OriginalLog,success,1,0,0,0,1.0,1.0,1.0,1.0,1,0,4074,90,4164,1
vault,pair_2,LogSage_OriginalLog,OriginalLog,success,1,0,0,0,1.0,1.0,1.0,1.0,1,0,4073,89,4162,1
pandas,pair_3,LogSage_OriginalLog,OriginalLog,success,0,0,0,1,0,0.0,0,0.0,1,0,98129,5,98134,1
gpt4all,pair_4,LogSage_OriginalLog,OriginalLog,success,1,0,0,0,1.0,1.0,1.0,1.0,1,0,12664,151,12815,1
gpt4all,pair_2,LogSage_OriginalLog,OriginalLog,success,1,0,0,0,1.0,1.0,1.0,1.0,1,0,12523,128,12651,1
gpt4all,pair_3,LogSage_OriginalLog,OriginalLog,success,1,0,0,0,1.0,1.0,1.0,1.0,1,0,12849,134,12983,1
vault,pair_1,LogSage_OriginalLog,OriginalLog,success,0,0,0,1,0,0.0,0,0.0,1,0,91549,5,91554,1
gpt4all,pair_1,LogSage_OriginalLog,OriginalLog,success,1,0,0,0,1.0,1.0,1.0,1.0,1,0,12876,114,12990,1
pandas,pair_2,LogSage_OriginalLog,OriginalLog,success,1,0,0,0,1.0,1.0,1.0,1.0,1,0,94172,281,94453,1
spring-boot,pair_4,LogSage_OriginalLog,OriginalLog,success,1,0,0,0,1.0,1.0,1.0,1.0,1,0,33647,90,33737,1
spring-boot,pair_2,LogSage_OriginalLog,OriginalLog,success,0,0,0,1,0,0.0,0,0.0,1,0,33706,93,33799,1
spring-boot,pair_1,LogSage_OriginalLog,OriginalLog,success,0,0,0,1,0,0.0,0,0.0,1,0,33700,92,33792,1
spring-boot,pair_3,LogSage_OriginalLog,OriginalLog,success,0,0,0,1,0,0.0,0,0.0,1,0,65217,390,65607,1
flask,pair_4,LogSage_NoFilter,NoFilter,success,0,1,0,0,0,0,0,0,1,0,3973,129,4102,1
flask,pair_3,LogSage_NoFilter,NoFilter,success,0,1,0,0,0,0,0,0,1,0,3687,108,3795,1
flask,pair_2,LogSage_NoFilter,NoFilter,success,1,0,0,0,1,1,1,1,1,0,23482,180,23662,1
flask,pair_2,LogSage_NoExpand,NoExpand,success,1,0,0,0,1,1,1,1,1,0,20443,144,20587,1
flask,pair_1,LogSage_NoFilter,NoFilter,success,1,0,0,0,1,1,1,1,1,0,19268,172,19440,1
flask,pair_1,LogSage_NoExpand,NoExpand,success,1,0,0,0,1,1,1,1,1,0,16807,184,16991,1
terraform,pair_3,LogSage_NoFilter,NoFilter,success,1,0,0,0,1,1,1,1,1,0,11379,138,11517,1
terraform,pair_3,LogSage_NoExpand,NoExpand,success,1,0,0,0,1,1,1,1,1,0,8199,163,8362,1
terraform,pair_2,LogSage_NoExpand,NoExpand,success,1,0,0,0,1,1,1,1,1,0,10115,138,10253,1
terraform,pair_2,LogSage_NoFilter,NoFilter,success,1,0,0,0,1,1,1,1,1,0,24283,121,24404,1
terraform,pair_1,LogSage_NoExpand,NoExpand,success,1,0,0,0,1,1,1,1,1,0,24252,217,24469,1
terraform,pair_1,LogSage_NoFilter,NoFilter,success,1,0,0,0,1,1,1,1,1,0,24252,217,24469,1
alpine,pair_2,LogSage_NoFilter,NoFilter,success,1,0,0,0,1,1,1,1,1,0,6871,96,6967,1
alpine,pair_2,LogSage_NoExpand,NoExpand,success,1,0,0,0,1,1,1,1,1,0,17270,157,17427,1
alpine,pair_1,LogSage_NoFilter,NoFilter,success,1,0,0,0,1,1,1,1,1,0,23166,199,23365,1
alpine,pair_1,LogSage_NoExpand,NoExpand,success,1,0,0,0,1,1,1,1,1,0,8477,182,8659,1
ui,pair_2,LogSage_NoFilter,NoFilter,success,1,0,0,0,1,1,1,1,1,0,8288,191,8479,1
ui,pair_2,LogSage_NoExpand,NoExpand,success,1,0,0,0,1,1,1,1,1,0,8808,125,8933,1
ui,pair_1,LogSage_NoFilter,NoFilter,success,1,0,0,0,1,1,1,1,1,0,21454,104,21558,1
ui,pair_1,LogSage_NoExpand,NoExpand,success,1,0,0,0,1,1,1,1,1,0,8699,160,8859,1
wtfpython,pair_4,LogSage_NoFilter,NoFilter,success,1,0,0,0,1,1,1,1,1,0,8878,101,8979,1
wtfpython,pair_4,LogSage_NoExpand,NoExpand,success,1,0,0,0,1,1,1,1,1,0,8423,149,8572,1
wtfpython,pair_3,LogSage_NoExpand,NoExpand,success,1,0,0,0,1,1,1,1,1,0,8418,135,8553,1
wtfpython,pair_3,LogSage_NoFilter,NoFilter,success,1,0,0,0,1,1,1,1,1,0,8873,124,8997,1
wtfpython,pair_2,LogSage_NoFilter,NoFilter,success,1,0,0,0,1,1,1,1,1,0,8764,101,8865,1
wtfpython,pair_2,LogSage_NoExpand,NoExpand,success,1,0,0,0,1,1,1,1,1,0,8309,133,8442,1
wtfpython,pair_1,LogSage_NoFilter,NoFilter,success,1,0,0,0,1,1,1,1,1,0,24393,121,24514,1
netdata,pair_4,LogSage_NoFilter,NoFilter,success,1,0,0,0,1,1,1,1,1,0,5027,140,5167,1
wtfpython,pair_1,LogSage_NoExpand,NoExpand,success,1,0,0,0,1,1,1,1,1,0,24359,461,24820,1
netdata,pair_4,LogSage_NoExpand,NoExpand,success,1,0,0,0,1,1,1,1,1,0,24345,357,24702,1
netdata,pair_3,LogSage_NoFilter,NoFilter,success,0,1,0,0,0,0,0,0,1,0,24448,435,24883,1
netdata,pair_2,LogSage_NoFilter,NoFilter,success,1,0,0,0,1,1,1,1,1,0,5130,201,5331,1
flask,pair_4,LogSage_NoExpand,NoExpand,success,1,0,0,0,1,1,1,1,1,0,20292,137,20429,1
netdata,pair_2,LogSage_NoExpand,NoExpand,success,1,0,0,0,1,1,1,1,1,0,24604,132,24736,1
netdata,pair_1,LogSage_NoFilter,NoFilter,success,1,0,0,0,1,1,1,1,1,0,5526,203,5729,1
styled-components,pair_1,LogSage_NoExpand,NoExpand,success,1,0,0,0,1,1,1,1,1,0,10979,106,11085,1
styled-components,pair_1,LogSage_NoFilter,NoFilter,success,1,0,0,0,1,1,1,1,1,0,11623,109,11732,1
netdata,pair_1,LogSage_NoExpand,NoExpand,success,1,0,0,0,1,1,1,1,1,0,24546,204,24750,1
cypress,pair_4,LogSage_NoFilter,NoFilter,success,1,0,0,0,1,1,1,1,1,0,8709,100,8809,1
cypress,pair_4,LogSage_NoExpand,NoExpand,success,1,0,0,0,1,1,1,1,1,0,8271,90,8361,1
cypress,pair_3,LogSage_NoFilter,NoFilter,success,1,0,0,0,1,1,1,1,1,0,8710,96,8806,1
cypress,pair_3,LogSage_NoExpand,NoExpand,success,1,0,0,0,1,1,1,1,1,0,8272,95,8367,1
cypress,pair_2,LogSage_NoFilter,NoFilter,success,1,0,0,0,1,1,1,1,1,0,8701,91,8792,1
netdata,pair_3,LogSage_NoExpand,NoExpand,success,1,0,0,0,1,1,1,1,1,0,24693,163,24856,1
cypress,pair_2,LogSage_NoExpand,NoExpand,success,1,0,0,0,1,1,1,1,1,0,8263,96,8359,1
cypress,pair_1,LogSage_NoFilter,NoFilter,success,1,0,0,0,1,1,1,1,1,0,8709,90,8799,1
cypress,pair_1,LogSage_NoExpand,NoExpand,success,1,0,0,0,1,1,1,1,1,0,8271,94,8365,1
hugo,pair_4,LogSage_NoFilter,NoFilter,success,1,0,0,0,1,1,1,1,1,0,6271,413,6684,1
hugo,pair_3,LogSage_NoExpand,NoExpand,success,1,0,0,0,1,1,1,1,1,0,24385,268,24653,1
hugo,pair_4,LogSage_NoExpand,NoExpand,success,1,0,0,0,1,1,1,1,1,0,24447,457,24904,1
hugo,pair_3,LogSage_NoFilter,NoFilter,success,1,0,0,0,1,1,1,1,1,0,4611,410,5021,1
hugo,pair_1,LogSage_NoFilter,NoFilter,success,1,0,0,0,1,1,1,1,1,0,2968,215,3183,1
hugo,pair_2,LogSage_NoExpand,NoExpand,success,1,0,0,0,1,1,1,1,1,0,23973,195,24168,1
hugo,pair_1,LogSage_NoExpand,NoExpand,success,1,0,0,0,1,1,1,1,1,0,23698,198,23896,1
hugo,pair_2,LogSage_NoFilter,NoFilter,success,1,0,0,0,1,1,1,1,2,1,5920,434,6354,2
open-webui,pair_4,LogSage_NoFilter,NoFilter,success,1,0,0,0,1,1,1,1,1,0,11029,174,11203,1
open-webui,pair_4,LogSage_NoExpand,NoExpand,success,1,0,0,0,1,1,1,1,1,0,10249,173,10422,1
open-webui,pair_3,LogSage_NoFilter,NoFilter,success,1,0,0,0,1,1,1,1,1,0,2781,281,3062,1
open-webui,pair_2,LogSage_NoExpand,NoExpand,success,1,0,0,0,1,1,1,1,1,0,10894,109,11003,1
open-webui,pair_2,LogSage_NoFilter,NoFilter,success,1,0,0,0,1,1,1,1,1,0,11854,105,11959,1
open-webui,pair_3,LogSage_NoExpand,NoExpand,success,1,0,0,0,1,1,1,1,1,0,9445,178,9623,1
open-webui,pair_1,LogSage_NoFilter,NoFilter,success,1,0,0,0,1,1,1,1,1,0,12501,111,12612,1
open-webui,pair_1,LogSage_NoExpand,NoExpand,success,1,0,0,0,1,1,1,1,1,0,11531,105,11636,1
lx-music-desktop,pair_1,LogSage_NoFilter,NoFilter,success,1,0,0,0,1,1,1,1,1,0,21650,95,21745,1
lx-music-desktop,pair_1,LogSage_NoExpand,NoExpand,success,1,0,0,0,1,1,1,1,1,0,19407,101,19508,1
bubbletea,pair_3,LogSage_NoExpand,NoExpand,success,1,0,0,0,1,1,1,1,1,0,6422,130,6552,1
bubbletea,pair_4,LogSage_NoFilter,NoFilter,success,0,1,0,0,0,0,0,0,1,0,24372,183,24555,1
bubbletea,pair_3,LogSage_NoFilter,NoFilter,success,1,0,0,0,1,1,1,1,1,0,12346,174,12520,1
bubbletea,pair_2,LogSage_NoFilter,NoFilter,success,0,1,0,0,0,0,0,0,1,0,17519,234,17753,1
bubbletea,pair_4,LogSage_NoExpand,NoExpand,success,0,1,0,0,0,0,0,0,1,0,11632,201,11833,1
bubbletea,pair_2,LogSage_NoExpand,NoExpand,success,0,1,0,0,0,0,0,0,1,0,15849,276,16125,1
bubbletea,pair_1,LogSage_NoExpand,NoExpand,success,0,1,0,0,0,0,0,0,1,0,16312,184,16496,1
bubbletea,pair_1,LogSage_NoFilter,NoFilter,success,0,1,0,0,0,0,0,0,1,0,17992,248,18240,1
insomnia,pair_3,LogSage_NoFilter,NoFilter,success,1,0,0,0,1,1,1,1,1,0,21517,149,21666,1
insomnia,pair_3,LogSage_NoExpand,NoExpand,success,1,0,0,0,1,1,1,1,1,0,13905,130,14035,1
insomnia,pair_2,LogSage_NoFilter,NoFilter,success,0,1,0,0,0,0,0,0,1,0,24336,396,24732,1
insomnia,pair_1,LogSage_NoFilter,NoFilter,success,0,1,0,0,0,0,0,0,1,0,24439,311,24750,1
prettier,pair_4,LogSage_NoExpand,NoExpand,success,1,0,0,0,1,1,1,1,1,0,18495,156,18651,1
insomnia,pair_2,LogSage_NoExpand,NoExpand,success,1,0,0,0,1,1,1,1,1,0,10870,280,11150,1
insomnia,pair_1,LogSage_NoExpand,NoExpand,success,1,0,0,0,1,1,1,1,1,0,12712,135,12847,1
prettier,pair_4,LogSage_NoFilter,NoFilter,success,1,0,0,0,1,1,1,1,1,0,24390,123,24513,1
prettier,pair_2,LogSage_NoExpand,NoExpand,success,1,0,0,0,1,1,1,1,1,0,12321,93,12414,1
prettier,pair_2,LogSage_NoFilter,NoFilter,success,1,0,0,0,1,1,1,1,1,0,13098,89,13187,1
prettier,pair_3,LogSage_NoFilter,NoFilter,success,1,0,0,0,1,1,1,1,1,0,24889,348,25237,1
prettier,pair_1,LogSage_NoFilter,NoFilter,success,1,0,0,0,1,1,1,1,1,0,12188,142,12330,1
prettier,pair_1,LogSage_NoExpand,NoExpand,success,1,0,0,0,1,1,1,1,1,0,11460,146,11606,1
starship,pair_4,LogSage_NoFilter,NoFilter,success,1,0,0,0,1,1,1,1,1,0,10530,135,10665,1
starship,pair_4,LogSage_NoExpand,NoExpand,success,1,0,0,0,1,1,1,1,1,0,10013,136,10149,1
starship,pair_3,LogSage_NoFilter,NoFilter,success,1,0,0,0,1,1,1,1,1,0,10532,224,10756,1
starship,pair_3,LogSage_NoExpand,NoExpand,success,1,0,0,0,1,1,1,1,1,0,10015,140,10155,1
starship,pair_2,LogSage_NoExpand,NoExpand,success,1,0,0,0,1,1,1,1,1,0,10031,163,10194,1
starship,pair_2,LogSage_NoFilter,NoFilter,success,1,0,0,0,1,1,1,1,1,0,10548,143,10691,1
starship,pair_1,LogSage_NoFilter,NoFilter,success,1,0,0,0,1,1,1,1,1,0,10540,121,10661,1
starship,pair_1,LogSage_NoExpand,NoExpand,success,1,0,0,0,1,1,1,1,1,0,10023,123,10146,1
mantine,pair_1,LogSage_NoFilter,NoFilter,success,1,0,0,0,1,1,1,1,1,0,3543,146,3689,1
mantine,pair_1,LogSage_NoExpand,NoExpand,success,1,0,0,0,1,1,1,1,1,0,14180,153,14333,1
ionic-framework,pair_4,LogSage_NoFilter,NoFilter,success,1,0,0,0,1,1,1,1,1,0,3018,123,3141,1
ionic-framework,pair_4,LogSage_NoExpand,NoExpand,success,1,0,0,0,1,1,1,1,1,0,13578,170,13748,1
ionic-framework,pair_3,LogSage_NoFilter,NoFilter,success,1,0,0,0,1,1,1,1,1,0,4925,211,5136,1
ionic-framework,pair_3,LogSage_NoExpand,NoExpand,success,1,0,0,0,1,1,1,1,1,0,24387,282,24669,1
ionic-framework,pair_2,LogSage_NoFilter,NoFilter,success,1,0,0,0,1,1,1,1,1,0,3643,308,3951,1
ionic-framework,pair_2,LogSage_NoExpand,NoExpand,success,1,0,0,0,1,1,1,1,1,0,24375,452,24827,1
ionic-framework,pair_1,LogSage_NoFilter,NoFilter,success,1,0,0,0,1,1,1,1,1,0,7504,451,7955,1
ionic-framework,pair_1,LogSage_NoExpand,NoExpand,success,1,0,0,0,1,1,1,1,1,0,24301,270,24571,1
jan,pair_4,LogSage_NoFilter,NoFilter,success,1,0,0,0,1,1,1,1,1,0,6900,274,7174,1
jan,pair_4,LogSage_NoExpand,NoExpand,success,1,0,0,0,1,1,1,1,1,0,24473,236,24709,1
jan,pair_3,LogSage_NoFilter,NoFilter,success,1,0,0,0,1,1,1,1,1,0,4525,214,4739,1
jan,pair_3,LogSage_NoExpand,NoExpand,success,1,0,0,0,1,1,1,1,1,0,24462,121,24583,1
jan,pair_2,LogSage_NoFilter,NoFilter,success,1,0,0,0,1,1,1,1,1,0,4427,164,4591,1
jan,pair_2,LogSage_NoExpand,NoExpand,success,1,0,0,0,1,1,1,1,1,0,24436,192,24628,1
jan,pair_1,LogSage_NoFilter,NoFilter,success,1,0,0,0,1,1,1,1,1,0,4427,130,4557,1
jan,pair_1,LogSage_NoExpand,NoExpand,success,1,0,0,0,1,1,1,1,1,0,24425,125,24550,1
certbot,pair_4,LogSage_NoExpand,NoExpand,success,1,0,0,0,1,1,1,1,1,0,9297,108,9405,1
certbot,pair_4,LogSage_NoFilter,NoFilter,success,1,0,0,0,1,1,1,1,1,0,9642,115,9757,1
certbot,pair_3,LogSage_NoFilter,NoFilter,success,1,0,0,0,1,1,1,1,1,0,9649,105,9754,1
certbot,pair_3,LogSage_NoExpand,NoExpand,success,1,0,0,0,1,1,1,1,1,0,9304,108,9412,1
certbot,pair_2,LogSage_NoFilter,NoFilter,success,1,0,0,0,1,1,1,1,1,0,4221,108,4329,1
certbot,pair_2,LogSage_NoExpand,NoExpand,success,1,0,0,0,1,1,1,1,1,0,4177,111,4288,1
certbot,pair_1,LogSage_NoFilter,NoFilter,success,1,0,0,0,1,1,1,1,1,0,4222,97,4319,1
certbot,pair_1,LogSage_NoExpand,NoExpand,success,1,0,0,0,1,1,1,1,1,0,4178,107,4285,1
gpt_academic,pair_4,LogSage_NoFilter,NoFilter,success,0,1,0,0,0,0,0,0,2,1,9310,692,10002,2
gpt_academic,pair_3,LogSage_NoExpand,NoExpand,success,1,0,0,0,1,1,1,1,1,0,24494,189,24683,1
gpt_academic,pair_4,LogSage_NoExpand,NoExpand,success,1,0,0,0,1,1,1,1,1,0,24497,314,24811,1
gpt_academic,pair_3,LogSage_NoFilter,NoFilter,success,0,1,0,0,0,0,0,0,1,0,4747,352,5099,1
gpt_academic,pair_2,LogSage_NoFilter,NoFilter,success,1,0,0,0,1,1,1,1,1,0,4652,856,5508,1
gpt_academic,pair_2,LogSage_NoExpand,NoExpand,success,1,0,0,0,1,1,1,1,1,0,24458,225,24683,1
gpt_academic,pair_1,LogSage_NoFilter,NoFilter,success,1,0,0,0,1,1,1,1,1,0,4753,254,5007,1
llama_index,pair_4,LogSage_NoFilter,NoFilter,success,1,0,0,0,1,1,1,1,1,0,2661,123,2784,1
gpt_academic,pair_1,LogSage_NoExpand,NoExpand,success,1,0,0,0,1,1,1,1,1,0,24537,287,24824,1
llama_index,pair_4,LogSage_NoExpand,NoExpand,success,1,0,0,0,1,1,1,1,1,0,13181,99,13280,1
llama_index,pair_3,LogSage_NoFilter,NoFilter,success,0,1,0,0,0,0,0,0,1,0,24508,106,24614,1
llama_index,pair_3,LogSage_NoExpand,NoExpand,success,0,1,0,0,0,0,0,0,1,0,13314,169,13483,1
llama_index,pair_2,LogSage_NoExpand,NoExpand,success,0,1,0,0,0,0,0,0,1,0,13988,142,14130,1
llama_index,pair_2,LogSage_NoFilter,NoFilter,success,0,1,0,0,0,0,0,0,1,0,24495,163,24658,1
llama_index,pair_1,LogSage_NoFilter,NoFilter,success,1,0,0,0,1,1,1,1,1,0,2661,114,2775,1
llama_index,pair_1,LogSage_NoExpand,NoExpand,success,1,0,0,0,1,1,1,1,1,0,13299,162,13461,1
markitdown,pair_4,LogSage_NoFilter,NoFilter,success,1,0,0,0,1,1,1,1,1,0,9911,564,10475,1
markitdown,pair_4,LogSage_NoExpand,NoExpand,success,1,0,0,0,1,1,1,1,1,0,24500,166,24666,1
markitdown,pair_3,LogSage_NoExpand,NoExpand,success,1,0,0,0,1,1,1,1,1,0,10536,154,10690,1
markitdown,pair_3,LogSage_NoFilter,NoFilter,success,1,0,0,0,1,1,1,1,1,0,11842,107,11949,1
markitdown,pair_2,LogSage_NoExpand,NoExpand,success,1,0,0,0,1,1,1,1,1,0,19401,391,19792,1
markitdown,pair_2,LogSage_NoFilter,NoFilter,success,1,0,0,0,1,1,1,1,1,0,21795,560,22355,1
markitdown,pair_1,LogSage_NoExpand,NoExpand,success,1,0,0,0,1,1,1,1,1,0,19304,342,19646,1
markitdown,pair_1,LogSage_NoFilter,NoFilter,success,1,0,0,0,1,1,1,1,1,0,21664,552,22216,1
docling,pair_1,LogSage_NoFilter,NoFilter,success,1,0,0,0,1,1,1,1,1,0,24123,86,24209,1
docling,pair_1,LogSage_NoExpand,NoExpand,success,1,0,0,0,1,1,1,1,1,0,12384,89,12473,1
terminal,pair_4,LogSage_NoFilter,NoFilter,success,1,0,0,0,1,1,1,1,1,0,3886,91,3977,1
terminal,pair_3,LogSage_NoExpand,NoExpand,success,1,0,0,0,1,1,1,1,1,0,3841,89,3930,1
terminal,pair_3,LogSage_NoFilter,NoFilter,success,1,0,0,0,1,1,1,1,1,0,3886,97,3983,1
terminal,pair_4,LogSage_NoExpand,NoExpand,success,1,0,0,0,1,1,1,1,1,0,3841,89,3930,1
terminal,pair_2,LogSage_NoFilter,NoFilter,success,1,0,0,0,1,1,1,1,1,0,3886,95,3981,1
terminal,pair_2,LogSage_NoExpand,NoExpand,success,1,0,0,0,1,1,1,1,1,0,3841,89,3930,1
terminal,pair_1,LogSage_NoFilter,NoFilter,success,1,0,0,0,1,1,1,1,1,0,3886,94,3980,1
terminal,pair_1,LogSage_NoExpand,NoExpand,success,1,0,0,0,1,1,1,1,1,0,3841,95,3936,1
vllm,pair_4,LogSage_NoFilter,NoFilter,success,1,0,0,0,1,1,1,1,1,0,10247,315,10562,1
vllm,pair_3,LogSage_NoFilter,NoFilter,success,1,0,0,0,1,1,1,1,1,0,2548,79,2627,1
vllm,pair_3,LogSage_NoExpand,NoExpand,success,1,0,0,0,1,1,1,1,1,0,24393,161,24554,1
vllm,pair_2,LogSage_NoFilter,NoFilter,success,0,1,0,0,0,0,0,0,1,0,4869,479,5348,1
vllm,pair_2,LogSage_NoExpand,NoExpand,success,1,0,0,0,1,1,1,1,1,0,24396,153,24549,1
vllm,pair_1,LogSage_NoFilter,NoFilter,success,1,0,0,0,1,1,1,1,1,0,2542,95,2637,1
vllm,pair_4,LogSage_NoExpand,NoExpand,success,1,0,0,0,1,1,1,1,1,0,24446,97,24543,1
vllm,pair_1,LogSage_NoExpand,NoExpand,success,1,0,0,0,1,1,1,1,1,0,24444,99,24543,1
grafana,pair_4,LogSage_NoFilter,NoFilter,success,1,0,0,0,1,1,1,1,1,0,24530,205,24735,1
grafana,pair_3,LogSage_NoExpand,NoExpand,success,1,0,0,0,1,1,1,1,1,0,24463,535,24998,1
grafana,pair_3,LogSage_NoFilter,NoFilter,success,1,0,0,0,1,1,1,1,1,0,24369,738,25107,1
flask,pair_3,LogSage_NoExpand,NoExpand,success,1,0,0,0,1,1,1,1,1,0,20298,102,20400,1
grafana,pair_4,LogSage_NoExpand,NoExpand,success,1,0,0,0,1,1,1,1,1,0,24425,156,24581,1
grafana,pair_2,LogSage_NoFilter,NoFilter,success,1,0,0,0,1,1,1,1,1,0,24460,285,24745,1
grafana,pair_1,LogSage_NoFilter,NoFilter,success,0,1,0,0,0,0,0,0,1,0,18685,214,18899,1
grafana,pair_1,LogSage_NoExpand,NoExpand,success,0,1,0,0,0,0,0,0,1,0,16294,236,16530,1
bruno,pair_1,LogSage_NoExpand,NoExpand,success,1,0,0,0,1,1,1,1,1,0,19975,124,20099,1
bruno,pair_1,LogSage_NoFilter,NoFilter,success,1,0,0,0,1,1,1,1,1,0,23013,197,23210,1
htmx,pair_2,LogSage_NoFilter,NoFilter,success,1,0,0,0,1,1,1,1,1,0,10314,117,10431,1
htmx,pair_2,LogSage_NoExpand,NoExpand,success,1,0,0,0,1,1,1,1,1,0,9821,136,9957,1
htmx,pair_1,LogSage_NoFilter,NoFilter,success,1,0,0,0,1,1,1,1,1,0,20086,151,20237,1
htmx,pair_1,LogSage_NoExpand,NoExpand,success,1,0,0,0,1,1,1,1,1,0,7888,214,8102,1
playwright,pair_4,LogSage_NoFilter,NoFilter,success,1,0,0,0,1,1,1,1,1,0,23296,130,23426,1
playwright,pair_4,LogSage_NoExpand,NoExpand,success,1,0,0,0,1,1,1,1,1,0,20520,109,20629,1
playwright,pair_3,LogSage_NoExpand,NoExpand,success,1,0,0,0,1,1,1,1,1,0,24428,90,24518,1
playwright,pair_3,LogSage_NoFilter,NoFilter,success,1,0,0,0,1,1,1,1,1,0,24415,94,24509,1
playwright,pair_2,LogSage_NoFilter,NoFilter,success,1,0,0,0,1,1,1,1,1,0,2507,117,2624,1
playwright,pair_2,LogSage_NoExpand,NoExpand,success,1,0,0,0,1,1,1,1,1,0,24108,116,24224,1
playwright,pair_1,LogSage_NoFilter,NoFilter,success,1,0,0,0,1,1,1,1,1,0,3688,201,3889,1
nvm,pair_4,LogSage_NoFilter,NoFilter,success,1,0,0,0,1,1,1,1,1,0,20023,111,20134,1
nvm,pair_4,LogSage_NoExpand,NoExpand,success,1,0,0,0,1,1,1,1,1,0,19035,114,19149,1
playwright,pair_1,LogSage_NoExpand,NoExpand,success,1,0,0,0,1,1,1,1,1,0,24281,253,24534,1
nvm,pair_3,LogSage_NoFilter,NoFilter,success,1,0,0,0,1,1,1,1,1,0,9643,73,9716,1
nvm,pair_3,LogSage_NoExpand,NoExpand,success,1,0,0,0,1,1,1,1,1,0,9249,81,9330,1
nvm,pair_2,LogSage_NoFilter,NoFilter,success,1,0,0,0,1,1,1,1,1,0,20105,92,20197,1
nvm,pair_2,LogSage_NoExpand,NoExpand,success,1,0,0,0,1,1,1,1,1,0,19232,111,19343,1
nvm,pair_1,LogSage_NoExpand,NoExpand,success,1,0,0,0,1,1,1,1,1,0,9206,85,9291,1
nvm,pair_1,LogSage_NoFilter,NoFilter,success,1,0,0,0,1,1,1,1,1,0,9720,79,9799,1
slate,pair_4,LogSage_NoFilter,NoFilter,success,1,0,0,0,1,1,1,1,1,0,17755,98,17853,1
slate,pair_4,LogSage_NoExpand,NoExpand,success,1,0,0,0,1,1,1,1,1,0,16122,132,16254,1
slate,pair_3,LogSage_NoExpand,NoExpand,success,1,0,0,0,1,1,1,1,1,0,16390,103,16493,1
slate,pair_3,LogSage_NoFilter,NoFilter,success,1,0,0,0,1,1,1,1,1,0,18089,120,18209,1
slate,pair_2,LogSage_NoFilter,NoFilter,success,1,0,0,0,1,1,1,1,1,0,17328,111,17439,1
slate,pair_2,LogSage_NoExpand,NoExpand,success,1,0,0,0,1,1,1,1,1,0,15642,108,15750,1
slate,pair_1,LogSage_NoFilter,NoFilter,success,1,0,0,0,1,1,1,1,1,0,3031,107,3138,1
mongoose,pair_4,LogSage_NoFilter,NoFilter,success,1,0,0,0,1,1,1,1,1,0,10633,192,10825,1
mongoose,pair_4,LogSage_NoExpand,NoExpand,success,1,0,0,0,1,1,1,1,1,0,10119,185,10304,1
slate,pair_1,LogSage_NoExpand,NoExpand,success,1,0,0,0,1,1,1,1,1,0,24269,96,24365,1
mongoose,pair_3,LogSage_NoExpand,NoExpand,success,1,0,0,0,1,1,1,1,1,0,9203,212,9415,1
mongoose,pair_3,LogSage_NoFilter,NoFilter,success,1,0,0,0,1,1,1,1,1,0,22492,176,22668,1
mongoose,pair_2,LogSage_NoFilter,NoFilter,success,1,0,0,0,1,1,1,1,1,0,24437,167,24604,1
mongoose,pair_1,LogSage_NoFilter,NoFilter,success,1,0,0,0,1,1,1,1,1,0,24396,185,24581,1
prettier,pair_3,LogSage_NoExpand,NoExpand,success,1,0,0,0,1,1,1,1,1,0,24444,314,24758,1
lossless-cut,pair_4,LogSage_NoExpand,NoExpand,success,1,0,0,0,1,1,1,1,1,0,9856,132,9988,1
lossless-cut,pair_4,LogSage_NoFilter,NoFilter,success,1,0,0,0,1,1,1,1,1,0,12160,198,12358,1
lossless-cut,pair_3,LogSage_NoExpand,NoExpand,success,1,0,0,0,1,1,1,1,1,0,9793,128,9921,1
lossless-cut,pair_3,LogSage_NoFilter,NoFilter,success,1,0,0,0,1,1,1,1,1,0,12215,263,12478,1
lossless-cut,pair_2,LogSage_NoExpand,NoExpand,success,1,0,0,0,1,1,1,1,1,0,9138,163,9301,1
lossless-cut,pair_2,LogSage_NoFilter,NoFilter,success,1,0,0,0,1,1,1,1,2,1,24084,519,24603,2
lossless-cut,pair_1,LogSage_NoFilter,NoFilter,success,1,0,0,0,1,1,1,1,1,0,12148,210,12358,1
lossless-cut,pair_1,LogSage_NoExpand,NoExpand,success,1,0,0,0,1,1,1,1,1,0,8866,127,8993,1
Ghost,pair_2,LogSage_NoFilter,NoFilter,success,1,0,0,0,1,1,1,1,1,0,4616,99,4715,1
Ghost,pair_2,LogSage_NoExpand,NoExpand,success,1,0,0,0,1,1,1,1,1,0,24358,126,24484,1
Ghost,pair_1,LogSage_NoFilter,NoFilter,success,0,1,0,0,0,0,0,0,1,0,22591,322,22913,1
supabase,pair_4,LogSage_NoExpand,NoExpand,success,1,0,0,0,1,1,1,1,1,0,18436,123,18559,1
supabase,pair_4,LogSage_NoFilter,NoFilter,success,1,0,0,0,1,1,1,1,1,0,11101,111,11212,1
mongoose,pair_2,LogSage_NoExpand,NoExpand,success,1,0,0,0,1,1,1,1,1,0,24450,156,24606,1
Ghost,pair_1,LogSage_NoExpand,NoExpand,success,1,0,0,0,1,1,1,1,1,0,23943,410,24353,1
supabase,pair_3,LogSage_NoExpand,NoExpand,success,1,0,0,0,1,1,1,1,1,0,12687,108,12795,1
supabase,pair_3,LogSage_NoFilter,NoFilter,success,1,0,0,0,1,1,1,1,1,0,21510,101,21611,1
grafana,pair_2,LogSage_NoExpand,NoExpand,success,1,0,0,0,1,1,1,1,1,0,24375,419,24794,1
supabase,pair_2,LogSage_NoFilter,NoFilter,success,1,0,0,0,1,1,1,1,1,0,11101,100,11201,1
mongoose,pair_1,LogSage_NoExpand,NoExpand,success,1,0,0,0,1,1,1,1,1,0,24392,218,24610,1
supabase,pair_2,LogSage_NoExpand,NoExpand,success,1,0,0,0,1,1,1,1,1,0,19428,125,19553,1
supabase,pair_1,LogSage_NoFilter,NoFilter,success,1,0,0,0,1,1,1,1,1,0,21659,99,21758,1
supabase,pair_1,LogSage_NoExpand,NoExpand,success,1,0,0,0,1,1,1,1,1,0,12132,153,12285,1
retrofit,pair_4,LogSage_NoFilter,NoFilter,success,1,0,0,0,1,1,1,1,1,0,19455,285,19740,1
retrofit,pair_3,LogSage_NoFilter,NoFilter,success,1,0,0,0,1,1,1,1,1,0,20204,106,20310,1
retrofit,pair_2,LogSage_NoFilter,NoFilter,success,1,0,0,0,1,1,1,1,1,0,24327,139,24466,1
retrofit,pair_2,LogSage_NoExpand,NoExpand,success,1,0,0,0,1,1,1,1,1,0,20665,186,20851,1
retrofit,pair_1,LogSage_NoExpand,NoExpand,success,1,0,0,0,1,1,1,1,1,0,20339,166,20505,1
retrofit,pair_1,LogSage_NoFilter,NoFilter,success,1,0,0,0,1,1,1,1,1,0,22803,189,22992,1
PowerShell,pair_4,LogSage_NoFilter,NoFilter,success,1,0,0,0,1,1,1,1,1,0,8533,97,8630,1
PowerShell,pair_4,LogSage_NoExpand,NoExpand,success,1,0,0,0,1,1,1,1,1,0,8129,100,8229,1
PowerShell,pair_3,LogSage_NoFilter,NoFilter,success,1,0,0,0,1,1,1,1,1,0,12062,187,12249,1
PowerShell,pair_3,LogSage_NoExpand,NoExpand,success,1,0,0,0,1,1,1,1,1,0,11448,154,11602,1
PowerShell,pair_2,LogSage_NoFilter,NoFilter,success,1,0,0,0,1,1,1,1,1,0,12348,190,12538,1
PowerShell,pair_2,LogSage_NoExpand,NoExpand,success,1,0,0,0,1,1,1,1,1,0,11737,180,11917,1
PowerShell,pair_1,LogSage_NoExpand,NoExpand,success,1,0,0,0,1,1,1,1,1,0,11655,123,11778,1
PowerShell,pair_1,LogSage_NoFilter,NoFilter,success,1,0,0,0,1,1,1,1,1,0,12574,176,12750,1
LLMs-from-scratch,pair_4,LogSage_NoFilter,NoFilter,success,1,0,0,0,1,1,1,1,1,0,20686,118,20804,1
LLMs-from-scratch,pair_4,LogSage_NoExpand,NoExpand,success,1,0,0,0,1,1,1,1,1,0,20134,187,20321,1
LLMs-from-scratch,pair_3,LogSage_NoExpand,NoExpand,success,1,0,0,0,1,1,1,1,1,0,18557,225,18782,1
LLMs-from-scratch,pair_3,LogSage_NoFilter,NoFilter,success,1,0,0,0,1,1,1,1,1,0,24420,255,24675,1
LLMs-from-scratch,pair_2,LogSage_NoFilter,NoFilter,success,1,0,0,0,1,1,1,1,1,0,22423,262,22685,1
LLMs-from-scratch,pair_2,LogSage_NoExpand,NoExpand,success,1,0,0,0,1,1,1,1,1,0,21554,304,21858,1
LLMs-from-scratch,pair_1,LogSage_NoFilter,NoFilter,success,1,0,0,0,1,1,1,1,1,0,20695,113,20808,1
LLMs-from-scratch,pair_1,LogSage_NoExpand,NoExpand,success,1,0,0,0,1,1,1,1,1,0,20143,117,20260,1
n8n,pair_4,LogSage_NoFilter,NoFilter,success,1,0,0,0,1,1,1,1,1,0,24039,412,24451,1
n8n,pair_3,LogSage_NoFilter,NoFilter,success,0,1,0,0,0,0,0,0,1,0,3768,233,4001,1
n8n,pair_3,LogSage_NoExpand,NoExpand,success,1,0,0,0,1,1,1,1,1,0,23684,179,23863,1
n8n,pair_2,LogSage_NoFilter,NoFilter,success,0,1,0,0,0,0,0,0,1,0,3768,233,4001,1
n8n,pair_2,LogSage_NoExpand,NoExpand,success,1,0,0,0,1,1,1,1,1,0,23229,114,23343,1
n8n,pair_1,LogSage_NoFilter,NoFilter,success,1,0,0,0,1,1,1,1,1,0,24448,125,24573,1
n8n,pair_4,LogSage_NoExpand,NoExpand,success,1,0,0,0,1,1,1,1,1,0,24437,250,24687,1
uv,pair_3,LogSage_NoFilter,NoFilter,success,1,0,0,0,1,1,1,1,1,0,13077,172,13249,1
uv,pair_3,LogSage_NoExpand,NoExpand,success,1,0,0,0,1,1,1,1,1,0,24434,132,24566,1
uv,pair_2,LogSage_NoFilter,NoFilter,success,1,0,0,0,1,1,1,1,1,0,13083,182,13265,1
uv,pair_2,LogSage_NoExpand,NoExpand,success,1,0,0,0,1,1,1,1,1,0,24445,122,24567,1
uv,pair_1,LogSage_NoFilter,NoFilter,success,1,0,0,0,1,1,1,1,1,0,12629,279,12908,1
uv,pair_1,LogSage_NoExpand,NoExpand,success,1,0,0,0,1,1,1,1,1,0,24463,234,24697,1
retrofit,pair_4,LogSage_NoExpand,NoExpand,success,1,0,0,0,1,1,1,1,1,0,24378,116,24494,1
retrofit,pair_3,LogSage_NoExpand,NoExpand,success,1,0,0,0,1,1,1,1,1,0,24368,103,24471,1
code-server,pair_3,LogSage_NoExpand,NoExpand,success,1,0,0,0,1,1,1,1,1,0,17541,181,17722,1
code-server,pair_3,LogSage_NoFilter,NoFilter,success,1,0,0,0,1,1,1,1,1,0,24396,127,24523,1
code-server,pair_2,LogSage_NoExpand,NoExpand,success,1,0,0,0,1,1,1,1,1,0,18214,190,18404,1
code-server,pair_1,LogSage_NoExpand,NoExpand,success,1,0,0,0,1,1,1,1,1,0,16567,161,16728,1
code-server,pair_2,LogSage_NoFilter,NoFilter,success,1,0,0,0,1,1,1,1,1,0,24389,171,24560,1
code-server,pair_1,LogSage_NoFilter,NoFilter,success,1,0,0,0,1,1,1,1,1,0,24388,144,24532,1
stable-diffusion-webui,pair_4,LogSage_NoFilter,NoFilter,success,1,0,0,0,1,1,1,1,1,0,10014,135,10149,1
stable-diffusion-webui,pair_4,LogSage_NoExpand,NoExpand,success,1,0,0,0,1,1,1,1,1,0,9568,177,9745,1
stable-diffusion-webui,pair_3,LogSage_NoFilter,NoFilter,success,1,0,0,0,1,1,1,1,1,0,9441,135,9576,1
stable-diffusion-webui,pair_3,LogSage_NoExpand,NoExpand,success,1,0,0,0,1,1,1,1,1,0,9006,148,9154,1
stable-diffusion-webui,pair_2,LogSage_NoFilter,NoFilter,success,1,0,0,0,1,1,1,1,1,0,9450,149,9599,1
stable-diffusion-webui,pair_2,LogSage_NoExpand,NoExpand,success,1,0,0,0,1,1,1,1,1,0,9015,127,9142,1
stable-diffusion-webui,pair_1,LogSage_NoExpand,NoExpand,success,1,0,0,0,1,1,1,1,1,0,9013,155,9168,1
stable-diffusion-webui,pair_1,LogSage_NoFilter,NoFilter,success,1,0,0,0,1,1,1,1,1,0,9448,159,9607,1
cpython,pair_3,LogSage_NoExpand,NoExpand,success,1,0,0,0,1,1,1,1,1,0,18402,176,18578,1
cpython,pair_4,LogSage_NoFilter,NoFilter,success,1,0,0,0,1,1,1,1,1,0,24417,177,24594,1
cpython,pair_3,LogSage_NoFilter,NoFilter,success,1,0,0,0,1,1,1,1,1,0,22060,193,22253,1
cpython,pair_2,LogSage_NoFilter,NoFilter,success,1,0,0,0,1,1,1,1,1,0,22293,287,22580,1
cpython,pair_2,LogSage_NoExpand,NoExpand,success,1,0,0,0,1,1,1,1,1,0,18632,333,18965,1
cpython,pair_1,LogSage_NoFilter,NoFilter,success,1,0,0,0,1,1,1,1,1,0,24595,810,25405,1
meilisearch,pair_4,LogSage_NoExpand,NoExpand,success,1,0,0,0,1,1,1,1,1,0,24399,129,24528,1
meilisearch,pair_4,LogSage_NoFilter,NoFilter,success,0,1,0,0,0,0,0,0,1,0,18077,237,18314,1
meilisearch,pair_3,LogSage_NoFilter,NoFilter,success,1,0,0,0,1,1,1,1,1,0,8464,288,8752,1
meilisearch,pair_3,LogSage_NoExpand,NoExpand,success,1,0,0,0,1,1,1,1,1,0,24350,255,24605,1
meilisearch,pair_2,LogSage_NoExpand,NoExpand,success,1,0,0,0,1,1,1,1,1,0,8257,163,8420,1
meilisearch,pair_2,LogSage_NoFilter,NoFilter,success,1,0,0,0,1,1,1,1,1,0,24194,157,24351,1
meilisearch,pair_1,LogSage_NoExpand,NoExpand,success,1,0,0,0,1,1,1,1,1,0,8267,161,8428,1
cpython,pair_1,LogSage_NoExpand,NoExpand,success,1,0,0,0,1,1,1,1,1,0,24442,511,24953,1
meilisearch,pair_1,LogSage_NoFilter,NoFilter,success,1,0,0,0,1,1,1,1,1,0,24196,163,24359,1
ColossalAI,pair_4,LogSage_NoFilter,NoFilter,success,1,0,0,0,1,1,1,1,1,0,5697,150,5847,1
ColossalAI,pair_4,LogSage_NoExpand,NoExpand,success,1,0,0,0,1,1,1,1,1,0,24698,99,24797,1
ColossalAI,pair_3,LogSage_NoFilter,NoFilter,success,1,0,0,0,1,1,1,1,1,0,24527,711,25238,1
ColossalAI,pair_2,LogSage_NoFilter,NoFilter,success,1,0,0,0,1,1,1,1,1,0,24527,652,25179,1
ColossalAI,pair_1,LogSage_NoExpand,NoExpand,success,1,0,0,0,1,1,1,1,1,0,9285,178,9463,1
ColossalAI,pair_1,LogSage_NoFilter,NoFilter,success,1,0,0,0,1,1,1,1,1,0,24287,137,24424,1
ink-kit,pair_3,LogSage_NoExpand,NoExpand,success,1,0,0,0,1,1,1,1,1,0,11064,124,11188,1
ink-kit,pair_3,LogSage_NoFilter,NoFilter,success,1,0,0,0,1,1,1,1,1,0,11661,123,11784,1
ink-kit,pair_2,LogSage_NoExpand,NoExpand,success,1,0,0,0,1,1,1,1,1,0,16433,302,16735,1
ink-kit,pair_2,LogSage_NoFilter,NoFilter,success,1,0,0,0,1,1,1,1,1,0,17141,171,17312,1
ink-kit,pair_1,LogSage_NoExpand,NoExpand,success,1,0,0,0,1,1,1,1,1,0,16195,174,16369,1
ink-kit,pair_1,LogSage_NoFilter,NoFilter,success,1,0,0,0,1,1,1,1,1,0,16902,181,17083,1
fuels-ts,pair_3,LogSage_NoExpand,NoExpand,success,1,0,0,0,1,1,1,1,1,0,24297,513,24810,1
fuels-ts,pair_3,LogSage_NoFilter,NoFilter,success,1,0,0,0,1,1,1,1,1,0,14271,512,14783,1
fuels-ts,pair_2,LogSage_NoExpand,NoExpand,success,1,0,0,0,1,1,1,1,1,0,16318,124,16442,1
fuels-ts,pair_2,LogSage_NoFilter,NoFilter,success,1,0,0,0,1,1,1,1,1,0,24503,123,24626,1
fuels-ts,pair_1,LogSage_NoExpand,NoExpand,success,0,1,0,0,0,0,0,0,1,0,24380,231,24611,1
fuels-ts,pair_1,LogSage_NoFilter,NoFilter,success,1,0,0,0,1,1,1,1,1,0,5270,189,5459,1
AutoGPT,pair_4,LogSage_NoExpand,NoExpand,success,1,0,0,0,1,1,1,1,3,2,9330,340,9670,3
n8n,pair_1,LogSage_NoExpand,NoExpand,success,1,0,0,0,1,1,1,1,1,0,24200,145,24345,1
AutoGPT,pair_4,LogSage_NoFilter,NoFilter,success,1,0,0,0,1,1,1,1,1,0,2548,75,2623,1
AutoGPT,pair_3,LogSage_NoFilter,NoFilter,success,1,0,0,0,1,1,1,1,1,0,13358,93,13451,1
AutoGPT,pair_3,LogSage_NoExpand,NoExpand,success,1,0,0,0,1,1,1,1,1,0,12446,123,12569,1
AutoGPT,pair_2,LogSage_NoFilter,NoFilter,success,1,0,0,0,1,1,1,1,1,0,11010,274,11284,1
AutoGPT,pair_2,LogSage_NoExpand,NoExpand,success,1,0,0,0,1,1,1,1,1,0,10321,337,10658,1
AutoGPT,pair_1,LogSage_NoFilter,NoFilter,success,1,0,0,0,1,1,1,1,1,0,2549,124,2673,1
AutoGPT,pair_1,LogSage_NoExpand,NoExpand,success,1,0,0,0,1,1,1,1,1,0,3115,116,3231,1
RxJava,pair_1,LogSage_NoExpand,NoExpand,success,1,0,0,0,1,1,1,1,1,0,24323,226,24549,1
RxJava,pair_1,LogSage_NoFilter,NoFilter,success,1,0,0,0,1,1,1,1,1,0,3406,359,3765,1
commander.js,pair_4,LogSage_NoExpand,NoExpand,success,1,0,0,0,1,1,1,1,1,0,9305,129,9434,1
commander.js,pair_4,LogSage_NoFilter,NoFilter,success,1,0,0,0,1,1,1,1,1,0,9872,149,10021,1
commander.js,pair_3,LogSage_NoFilter,NoFilter,success,1,0,0,0,1,1,1,1,1,0,9351,142,9493,1
commander.js,pair_3,LogSage_NoExpand,NoExpand,success,1,0,0,0,1,1,1,1,1,0,8794,149,8943,1
commander.js,pair_2,LogSage_NoExpand,NoExpand,success,1,0,0,0,1,1,1,1,1,0,9282,127,9409,1
commander.js,pair_2,LogSage_NoFilter,NoFilter,success,1,0,0,0,1,1,1,1,1,0,9849,125,9974,1
commander.js,pair_1,LogSage_NoFilter,NoFilter,success,1,0,0,0,1,1,1,1,1,0,15597,120,15717,1
commander.js,pair_1,LogSage_NoExpand,NoExpand,success,1,0,0,0,1,1,1,1,1,0,14709,105,14814,1
generative-ai-for-beginners,pair_4,LogSage_NoExpand,NoExpand,success,1,0,0,0,1,1,1,1,1,0,7734,156,7890,1
generative-ai-for-beginners,pair_4,LogSage_NoFilter,NoFilter,success,1,0,0,0,1,1,1,1,1,0,24403,150,24553,1
generative-ai-for-beginners,pair_3,LogSage_NoExpand,NoExpand,success,1,0,0,0,1,1,1,1,1,0,7467,150,7617,1
generative-ai-for-beginners,pair_3,LogSage_NoFilter,NoFilter,success,1,0,0,0,1,1,1,1,1,0,24385,245,24630,1
generative-ai-for-beginners,pair_2,LogSage_NoFilter,NoFilter,success,1,0,0,0,1,1,1,1,1,0,21892,109,22001,1
generative-ai-for-beginners,pair_2,LogSage_NoExpand,NoExpand,success,1,0,0,0,1,1,1,1,1,0,8443,142,8585,1
generative-ai-for-beginners,pair_1,LogSage_NoExpand,NoExpand,success,1,0,0,0,1,1,1,1,1,0,7822,203,8025,1
generative-ai-for-beginners,pair_1,LogSage_NoFilter,NoFilter,success,1,0,0,0,1,1,1,1,1,0,22024,125,22149,1
duckdb,pair_4,LogSage_NoFilter,NoFilter,success,0,1,0,0,0,0,0,0,1,0,8738,131,8869,1
duckdb,pair_3,LogSage_NoExpand,NoExpand,success,1,0,0,0,1,1,1,1,1,0,16238,133,16371,1
duckdb,pair_3,LogSage_NoFilter,NoFilter,success,1,0,0,0,1,1,1,1,1,0,24412,162,24574,1
ColossalAI,pair_3,LogSage_NoExpand,NoExpand,success,1,0,0,0,1,1,1,1,1,0,24431,185,24616,1
duckdb,pair_2,LogSage_NoFilter,NoFilter,success,1,0,0,0,1,1,1,1,1,0,24276,150,24426,1
ColossalAI,pair_2,LogSage_NoExpand,NoExpand,success,1,0,0,0,1,1,1,1,1,0,24446,241,24687,1
duckdb,pair_1,LogSage_NoFilter,NoFilter,success,0,1,0,0,0,0,0,0,1,0,17354,398,17752,1
julia,pair_4,LogSage_NoExpand,NoExpand,success,1,0,0,0,1,1,1,1,1,0,8107,125,8232,1
julia,pair_4,LogSage_NoFilter,NoFilter,success,1,0,0,0,1,1,1,1,1,0,8232,103,8335,1
julia,pair_3,LogSage_NoExpand,NoExpand,success,1,0,0,0,1,1,1,1,1,0,10528,92,10620,1
julia,pair_3,LogSage_NoFilter,NoFilter,success,1,0,0,0,1,1,1,1,1,0,11308,83,11391,1
julia,pair_2,LogSage_NoExpand,NoExpand,success,1,0,0,0,1,1,1,1,1,0,8103,101,8204,1
julia,pair_2,LogSage_NoFilter,NoFilter,success,1,0,0,0,1,1,1,1,1,0,8785,131,8916,1
julia,pair_1,LogSage_NoExpand,NoExpand,success,1,0,0,0,1,1,1,1,1,0,10550,111,10661,1
julia,pair_1,LogSage_NoFilter,NoFilter,success,1,0,0,0,1,1,1,1,1,0,11330,89,11419,1
youtube-dl,pair_2,LogSage_NoExpand,NoExpand,success,1,0,0,0,1,1,1,1,1,0,18408,131,18539,1
youtube-dl,pair_2,LogSage_NoFilter,NoFilter,success,1,0,0,0,1,1,1,1,1,0,3157,173,3330,1
youtube-dl,pair_1,LogSage_NoExpand,NoExpand,success,1,0,0,0,1,1,1,1,1,0,8511,130,8641,1
youtube-dl,pair_1,LogSage_NoFilter,NoFilter,success,1,0,0,0,1,1,1,1,1,0,24134,155,24289,1
cockroach,pair_3,LogSage_NoExpand,NoExpand,success,1,0,0,0,1,1,1,1,1,0,4545,145,4690,1
cockroach,pair_3,LogSage_NoFilter,NoFilter,success,1,0,0,0,1,1,1,1,1,0,5572,129,5701,1
cockroach,pair_2,LogSage_NoExpand,NoExpand,success,1,0,0,0,1,1,1,1,1,0,12364,170,12534,1
cockroach,pair_2,LogSage_NoFilter,NoFilter,success,1,0,0,0,1,1,1,1,1,0,22412,197,22609,1
cockroach,pair_1,LogSage_NoExpand,NoExpand,success,1,0,0,0,1,1,1,1,1,0,21040,100,21140,1
cockroach,pair_1,LogSage_NoFilter,NoFilter,success,1,0,0,0,1,1,1,1,1,0,24302,86,24388,1
fabric,pair_4,LogSage_NoExpand,NoExpand,success,1,0,0,0,1,1,1,1,1,0,20936,141,21077,1
fabric,pair_4,LogSage_NoFilter,NoFilter,success,1,0,0,0,1,1,1,1,1,0,2729,130,2859,1
fabric,pair_3,LogSage_NoExpand,NoExpand,success,1,0,0,0,1,1,1,1,1,0,6587,113,6700,1
fabric,pair_3,LogSage_NoFilter,NoFilter,success,1,0,0,0,1,1,1,1,1,0,14204,93,14297,1
duckdb,pair_4,LogSage_NoExpand,NoExpand,success,1,0,0,0,1,1,1,1,1,0,24737,91,24828,1
fabric,pair_2,LogSage_NoExpand,NoExpand,success,1,0,0,0,1,1,1,1,1,0,16605,96,16701,1
fabric,pair_2,LogSage_NoFilter,NoFilter,success,1,0,0,0,1,1,1,1,1,0,3304,156,3460,1
fabric,pair_1,LogSage_NoFilter,NoFilter,success,1,0,0,0,1,1,1,1,1,0,20196,105,20301,1
fabric,pair_1,LogSage_NoExpand,NoExpand,success,1,0,0,0,1,1,1,1,1,0,22878,129,23007,1
dubbo,pair_4,LogSage_NoFilter,NoFilter,success,1,0,0,0,1,1,1,1,1,0,15501,137,15638,1
dubbo,pair_4,LogSage_NoExpand,NoExpand,success,1,0,0,0,1,1,1,1,1,0,25337,173,25510,1
dubbo,pair_3,LogSage_NoFilter,NoFilter,success,1,0,0,0,1,1,1,1,1,0,15501,141,15642,1
dubbo,pair_3,LogSage_NoExpand,NoExpand,success,1,0,0,0,1,1,1,1,1,0,25364,147,25511,1
dubbo,pair_2,LogSage_NoFilter,NoFilter,success,1,0,0,0,1,1,1,1,1,0,15485,116,15601,1
dubbo,pair_2,LogSage_NoExpand,NoExpand,success,1,0,0,0,1,1,1,1,1,0,25380,157,25537,1
dubbo,pair_1,LogSage_NoFilter,NoFilter,success,1,0,0,0,1,1,1,1,1,0,12044,140,12184,1
dubbo,pair_1,LogSage_NoExpand,NoExpand,success,1,0,0,0,1,1,1,1,1,0,25086,132,25218,1
pixijs,pair_4,LogSage_NoExpand,NoExpand,success,1,0,0,0,1,1,1,1,1,0,10979,309,11288,1
pixijs,pair_4,LogSage_NoFilter,NoFilter,success,1,0,0,0,1,1,1,1,1,0,11540,290,11830,1
pixijs,pair_3,LogSage_NoExpand,NoExpand,success,1,0,0,0,1,1,1,1,1,0,11211,195,11406,1
pixijs,pair_3,LogSage_NoFilter,NoFilter,success,1,0,0,0,1,1,1,1,1,0,11774,197,11971,1
pixijs,pair_2,LogSage_NoFilter,NoFilter,success,1,0,0,0,1,1,1,1,1,0,24869,71,24940,1
pixijs,pair_2,LogSage_NoExpand,NoExpand,success,1,0,0,0,1,1,1,1,1,0,24840,73,24913,1
pixijs,pair_1,LogSage_NoExpand,NoExpand,success,1,0,0,0,1,1,1,1,1,0,14615,181,14796,1
pixijs,pair_1,LogSage_NoFilter,NoFilter,success,1,0,0,0,1,1,1,1,1,0,15960,216,16176,1
duckdb,pair_2,LogSage_NoExpand,NoExpand,success,1,0,0,0,1,1,1,1,1,0,24494,248,24742,1
ollama,pair_1,LogSage_NoFilter,NoFilter,success,1,0,0,0,1,1,1,1,1,0,13923,97,14020,1
ollama,pair_1,LogSage_NoExpand,NoExpand,success,1,0,0,0,1,1,1,1,1,0,12515,80,12595,1
okhttp,pair_3,LogSage_NoExpand,NoExpand,success,1,0,0,0,1,1,1,1,1,0,20591,140,20731,1
okhttp,pair_2,LogSage_NoFilter,NoFilter,success,1,0,0,0,1,1,1,1,1,0,5905,237,6142,1
okhttp,pair_2,LogSage_NoExpand,NoExpand,success,1,0,0,0,1,1,1,1,1,0,24374,137,24511,1
okhttp,pair_3,LogSage_NoFilter,NoFilter,success,1,0,0,0,1,1,1,1,3,2,19635,678,20313,3
okhttp,pair_1,LogSage_NoFilter,NoFilter,success,1,0,0,0,1,1,1,1,1,0,6360,247,6607,1
okhttp,pair_1,LogSage_NoExpand,NoExpand,success,1,0,0,0,1,1,1,1,1,0,24372,251,24623,1
neovim,pair_1,LogSage_NoFilter,NoFilter,success,1,0,0,0,1,1,1,1,1,0,4432,115,4547,1
tailwindcss,pair_2,LogSage_NoFilter,NoFilter,success,1,0,0,0,1,1,1,1,1,0,2984,139,3123,1
tailwindcss,pair_2,LogSage_NoExpand,NoExpand,success,0,1,0,0,0,0,0,0,1,0,24408,258,24666,1
tailwindcss,pair_1,LogSage_NoFilter,NoFilter,success,1,0,0,0,1,1,1,1,1,0,3243,150,3393,1
tailwindcss,pair_1,LogSage_NoExpand,NoExpand,success,1,0,0,0,1,1,1,1,1,0,24454,164,24618,1
django,pair_4,LogSage_NoFilter,NoFilter,success,1,0,0,0,1,1,1,1,1,0,15990,94,16084,1
django,pair_4,LogSage_NoExpand,NoExpand,success,1,0,0,0,1,1,1,1,1,0,9997,113,10110,1
django,pair_3,LogSage_NoExpand,NoExpand,success,1,0,0,0,1,1,1,1,1,0,10573,120,10693,1
django,pair_3,LogSage_NoFilter,NoFilter,success,1,0,0,0,1,1,1,1,1,0,11037,135,11172,1
neovim,pair_1,LogSage_NoExpand,NoExpand,success,1,0,0,0,1,1,1,1,1,0,24425,160,24585,1
django,pair_2,LogSage_NoExpand,NoExpand,success,1,0,0,0,1,1,1,1,1,0,11223,104,11327,1
django,pair_2,LogSage_NoFilter,NoFilter,success,1,0,0,0,1,1,1,1,1,0,11752,110,11862,1
django,pair_1,LogSage_NoExpand,NoExpand,success,1,0,0,0,1,1,1,1,1,0,24509,647,25156,1
django,pair_1,LogSage_NoFilter,NoFilter,success,1,0,0,0,1,1,1,1,2,1,13930,764,14694,2
dify,pair_4,LogSage_NoExpand,NoExpand,success,1,0,0,0,1,1,1,1,1,0,14138,114,14252,1
dify,pair_4,LogSage_NoFilter,NoFilter,success,1,0,0,0,1,1,1,1,1,0,24460,122,24582,1
dify,pair_3,LogSage_NoFilter,NoFilter,success,0,1,0,0,0,0,0,0,1,0,2714,330,3044,1
dify,pair_3,LogSage_NoExpand,NoExpand,success,0,1,0,0,0,0,0,0,1,0,24413,225,24638,1
dify,pair_2,LogSage_NoFilter,NoFilter,success,0,1,0,0,0,0,0,0,1,0,3084,231,3315,1
dify,pair_2,LogSage_NoExpand,NoExpand,success,1,0,0,0,1,1,1,1,1,0,24411,102,24513,1
elasticsearch,pair_4,LogSage_NoExpand,NoExpand,failed,0,0,0,0,0,0,0,0,0,0,0,0,0,0
elasticsearch,pair_4,LogSage_NoFilter,NoFilter,failed,0,0,0,0,0,0,0,0,0,0,0,0,0,0
dify,pair_1,LogSage_NoFilter,NoFilter,success,1,0,0,0,1,1,1,1,1,0,9738,115,9853,1
dify,pair_1,LogSage_NoExpand,NoExpand,success,1,0,0,0,1,1,1,1,1,0,8931,123,9054,1
elasticsearch,pair_3,LogSage_NoFilter,NoFilter,success,1,0,0,0,1,1,1,1,1,0,3783,114,3897,1
elasticsearch,pair_2,LogSage_NoExpand,NoExpand,success,1,0,0,0,1,1,1,1,1,0,6459,121,6580,1
elasticsearch,pair_3,LogSage_NoExpand,NoExpand,success,1,0,0,0,1,1,1,1,1,0,24501,113,24614,1
elasticsearch,pair_2,LogSage_NoFilter,NoFilter,success,1,0,0,0,1,1,1,1,1,0,24262,116,24378,1
elasticsearch,pair_1,LogSage_NoExpand,NoExpand,success,1,0,0,0,1,1,1,1,1,0,6465,130,6595,1
elasticsearch,pair_1,LogSage_NoFilter,NoFilter,success,1,0,0,0,1,1,1,1,1,0,24233,128,24361,1
stats,pair_4,LogSage_NoFilter,NoFilter,success,1,0,0,0,1,1,1,1,1,0,24217,134,24351,1
stats,pair_4,LogSage_NoExpand,NoExpand,success,1,0,0,0,1,1,1,1,1,0,7294,154,7448,1
stats,pair_3,LogSage_NoFilter,NoFilter,success,1,0,0,0,1,1,1,1,1,0,24217,108,24325,1
stats,pair_3,LogSage_NoExpand,NoExpand,success,1,0,0,0,1,1,1,1,1,0,6986,152,7138,1
stats,pair_2,LogSage_NoExpand,NoExpand,success,1,0,0,0,1,1,1,1,1,0,7790,110,7900,1
stats,pair_2,LogSage_NoFilter,NoFilter,success,1,0,0,0,1,1,1,1,1,0,24217,115,24332,1
stats,pair_1,LogSage_NoExpand,NoExpand,success,1,0,0,0,1,1,1,1,1,0,7937,149,8086,1
stats,pair_1,LogSage_NoFilter,NoFilter,success,1,0,0,0,1,1,1,1,1,0,24222,165,24387,1
fzf,pair_1,LogSage_NoExpand,NoExpand,success,1,0,0,0,1,1,1,1,1,0,13994,171,14165,1
fzf,pair_1,LogSage_NoFilter,NoFilter,success,1,0,0,0,1,1,1,1,1,0,24441,254,24695,1
godot,pair_4,LogSage_NoFilter,NoFilter,success,1,0,0,0,1,1,1,1,1,0,18999,89,19088,1
godot,pair_4,LogSage_NoExpand,NoExpand,success,1,0,0,0,1,1,1,1,1,0,16751,149,16900,1
godot,pair_3,LogSage_NoFilter,NoFilter,success,1,0,0,0,1,1,1,1,1,0,23454,142,23596,1
godot,pair_3,LogSage_NoExpand,NoExpand,success,1,0,0,0,1,1,1,1,1,0,19033,243,19276,1
godot,pair_2,LogSage_NoFilter,NoFilter,success,1,0,0,0,1,1,1,1,1,0,18885,93,18978,1
godot,pair_2,LogSage_NoExpand,NoExpand,success,1,0,0,0,1,1,1,1,1,0,16748,97,16845,1
godot,pair_1,LogSage_NoFilter,NoFilter,success,0,1,0,0,0,0,0,0,1,0,24160,154,24314,1
spark,pair_4,LogSage_NoExpand,NoExpand,success,1,0,0,0,1,1,1,1,1,0,5132,129,5261,1
spark,pair_4,LogSage_NoFilter,NoFilter,success,1,0,0,0,1,1,1,1,1,0,5180,121,5301,1
spark,pair_3,LogSage_NoExpand,NoExpand,success,1,0,0,0,1,1,1,1,1,0,5126,116,5242,1
spark,pair_3,LogSage_NoFilter,NoFilter,success,1,0,0,0,1,1,1,1,1,0,5174,120,5294,1
spark,pair_2,LogSage_NoExpand,NoExpand,success,1,0,0,0,1,1,1,1,1,0,5125,120,5245,1
spark,pair_2,LogSage_NoFilter,NoFilter,success,1,0,0,0,1,1,1,1,1,0,5173,99,5272,1
spark,pair_1,LogSage_NoExpand,NoExpand,success,1,0,0,0,1,1,1,1,1,0,5125,125,5250,1
spark,pair_1,LogSage_NoFilter,NoFilter,success,1,0,0,0,1,1,1,1,1,0,5173,125,5298,1
laravel,pair_4,LogSage_NoExpand,NoExpand,success,1,0,0,0,1,1,1,1,1,0,18302,89,18391,1
laravel,pair_4,LogSage_NoFilter,NoFilter,success,1,0,0,0,1,1,1,1,1,0,24411,91,24502,1
laravel,pair_3,LogSage_NoExpand,NoExpand,success,1,0,0,0,1,1,1,1,1,0,18259,106,18365,1
laravel,pair_3,LogSage_NoFilter,NoFilter,success,1,0,0,0,1,1,1,1,1,0,24413,85,24498,1
laravel,pair_2,LogSage_NoExpand,NoExpand,success,1,0,0,0,1,1,1,1,1,0,17632,85,17717,1
laravel,pair_2,LogSage_NoFilter,NoFilter,success,1,0,0,0,1,1,1,1,1,0,24409,90,24499,1
laravel,pair_1,LogSage_NoExpand,NoExpand,success,1,0,0,0,1,1,1,1,1,0,18274,95,18369,1
laravel,pair_1,LogSage_NoFilter,NoFilter,success,1,0,0,0,1,1,1,1,1,0,24410,89,24499,1
pandas,pair_4,LogSage_NoExpand,NoExpand,failed,0,0,0,0,0,0,0,0,0,0,0,0,0,0
pandas,pair_4,LogSage_NoFilter,NoFilter,failed,0,0,0,0,0,0,0,0,0,0,0,0,0,0
pandas,pair_3,LogSage_NoFilter,NoFilter,success,1,0,0,0,1,1,1,1,1,0,4117,183,4300,1
godot,pair_1,LogSage_NoExpand,NoExpand,success,1,0,0,0,1,1,1,1,1,0,24746,113,24859,1
pandas,pair_2,LogSage_NoFilter,NoFilter,success,1,0,0,0,1,1,1,1,1,0,3496,196,3692,1
pandas,pair_2,LogSage_NoExpand,NoExpand,success,1,0,0,0,1,1,1,1,1,0,13221,327,13548,1
pandas,pair_1,LogSage_NoFilter,NoFilter,success,0,1,0,0,0,0,0,0,1,0,5820,337,6157,1
pandas,pair_1,LogSage_NoExpand,NoExpand,success,1,0,0,0,1,1,1,1,1,0,24439,135,24574,1
AdminLTE,pair_2,LogSage_NoExpand,NoExpand,success,1,0,0,0,1,1,1,1,1,0,10609,136,10745,1
AdminLTE,pair_2,LogSage_NoFilter,NoFilter,success,1,0,0,0,1,1,1,1,1,0,17560,153,17713,1
AdminLTE,pair_1,LogSage_NoExpand,NoExpand,success,1,0,0,0,1,1,1,1,1,0,15036,149,15185,1
AdminLTE,pair_1,LogSage_NoFilter,NoFilter,success,1,0,0,0,1,1,1,1,1,0,18001,199,18200,1
pandas,pair_3,LogSage_NoExpand,NoExpand,failed,0,0,0,0,0,0,0,0,0,0,0,0,0,0
vault,pair_3,LogSage_NoExpand,NoExpand,success,1,0,0,0,1,1,1,1,1,0,4042,89,4131,1
vault,pair_3,LogSage_NoFilter,NoFilter,success,1,0,0,0,1,1,1,1,1,0,4085,83,4168,1
vault,pair_2,LogSage_NoFilter,NoFilter,success,1,0,0,0,1,1,1,1,1,0,4084,91,4175,1
vault,pair_2,LogSage_NoExpand,NoExpand,success,1,0,0,0,1,1,1,1,1,0,4041,88,4129,1
vault,pair_1,LogSage_NoFilter,NoFilter,success,1,0,0,0,1,1,1,1,1,0,6703,158,6861,1
vault,pair_1,LogSage_NoExpand,NoExpand,success,1,0,0,0,1,1,1,1,1,0,11186,101,11287,1
gpt4all,pair_4,LogSage_NoFilter,NoFilter,success,1,0,0,0,1,1,1,1,1,0,12730,120,12850,1
gpt4all,pair_4,LogSage_NoExpand,NoExpand,success,1,0,0,0,1,1,1,1,1,0,12308,164,12472,1
gpt4all,pair_3,LogSage_NoExpand,NoExpand,success,1,0,0,0,1,1,1,1,1,0,12493,154,12647,1
gpt4all,pair_3,LogSage_NoFilter,NoFilter,success,1,0,0,0,1,1,1,1,1,0,12916,151,13067,1
gpt4all,pair_2,LogSage_NoFilter,NoFilter,success,1,0,0,0,1,1,1,1,1,0,12589,116,12705,1
gpt4all,pair_2,LogSage_NoExpand,NoExpand,success,1,0,0,0,1,1,1,1,1,0,12167,105,12272,1
gpt4all,pair_1,LogSage_NoFilter,NoFilter,success,1,0,0,0,1,1,1,1,1,0,12943,126,13069,1
gpt4all,pair_1,LogSage_NoExpand,NoExpand,success,1,0,0,0,1,1,1,1,1,0,12520,112,12632,1
spring-boot,pair_4,LogSage_NoExpand,NoExpand,success,1,0,0,0,1,1,1,1,1,0,10999,92,11091,1
spring-boot,pair_4,LogSage_NoFilter,NoFilter,success,1,0,0,0,1,1,1,1,1,0,24413,106,24519,1
spring-boot,pair_3,LogSage_NoFilter,NoFilter,success,1,0,0,0,1,1,1,1,1,0,5200,233,5433,1
spring-boot,pair_3,LogSage_NoExpand,NoExpand,success,1,0,0,0,1,1,1,1,1,0,20062,392,20454,1
spring-boot,pair_2,LogSage_NoExpand,NoExpand,success,1,0,0,0,1,1,1,1,1,0,11722,87,11809,1
spring-boot,pair_2,LogSage_NoFilter,NoFilter,success,1,0,0,0,1,1,1,1,1,0,24420,104,24524,1
spring-boot,pair_1,LogSage_NoExpand,NoExpand,success,1,0,0,0,1,1,1,1,1,0,11716,92,11808,1
spring-boot,pair_1,LogSage_NoFilter,NoFilter,success,1,0,0,0,1,1,1,1,1,0,24413,87,24500,1
duckdb,pair_1,LogSage_NoExpand,NoExpand,success,1,0,0,0,1,1,1,1,1,0,24360,377,24737,1
cpython,pair_4,LogSage_NoExpand,NoExpand,failed,0,0,0,0,0,0,0,0,0,0,0,0,0,0
supabase,pair_3,LogSage,default,success,1,0,0,0,1,1,1,1,1,0,16464,105,16569,1
stats,pair_3,LogSage,default,success,1,0,0,0,1,1,1,1,1,0,10316,106,10422,1
llama_index,pair_4,LogSage,default,success,1,0,0,0,1,1,1,1,1,0,16592,109,16701,1
gpt4all,pair_1,LogSage,default,success,1,0,0,0,1,1,1,1,1,0,12943,118,13061,1
stable-diffusion-webui,pair_4,LogSage,default,success,1,0,0,0,1,1,1,1,1,0,10014,139,10153,1
gpt_academic,pair_1,LogSage,default,success,1,0,0,0,1,1,1,1,1,0,4753,570,5323,1
spring-boot,pair_2,LogSage,default,success,1,0,0,0,1,1,1,1,1,0,14354,92,14446,1
nvm,pair_3,LogSage,default,success,1,0,0,0,1,1,1,1,1,0,9643,97,9740,1
uv,pair_2,LogSage,default,success,1,0,0,0,1,1,1,1,1,0,16574,198,16772,1
cypress,pair_4,LogSage,default,success,1,0,0,0,1,1,1,1,1,0,8709,90,8799,1
wtfpython,pair_1,LogSage,default,success,1,0,0,0,1,1,1,1,1,0,24397,135,24532,1
vllm,pair_2,LogSage,default,success,1,0,0,0,1,1,1,1,1,0,15962,376,16338,1
spark,pair_3,LogSage,default,success,1,0,0,0,1,1,1,1,1,0,5174,110,5284,1
bruno,pair_1,LogSage,default,success,1,0,0,0,1,1,1,1,1,0,23013,134,23147,1
markitdown,pair_1,LogSage,default,success,1,0,0,0,1,1,1,1,1,0,21664,203,21867,1
AdminLTE,pair_1,LogSage,default,success,1,0,0,0,1,1,1,1,1,0,24445,200,24645,1
django,pair_1,LogSage,default,success,1,0,0,0,1,1,1,1,1,0,19205,487,19692,1
llama_index,pair_2,LogSage,default,success,1,0,0,0,1,1,1,1,1,0,23154,142,23296,1
meilisearch,pair_4,LogSage,default,success,1,0,0,0,1,1,1,1,1,0,7704,269,7973,1
duckdb,pair_4,LogSage,default,success,0,1,0,0,0,0,0,0,1,0,23110,112,23222,1
pandas,pair_2,LogSage,default,success,1,0,0,0,1,1,1,1,1,0,3392,287,3679,1
wtfpython,pair_4,LogSage,default,success,1,0,0,0,1,1,1,1,1,0,8878,135,9013,1
dify,pair_3,LogSage,default,success,0,1,0,0,0,0,0,0,1,0,4646,355,5001,1
open-webui,pair_1,LogSage,default,success,1,0,0,0,1,1,1,1,1,0,12501,106,12607,1
code-server,pair_2,LogSage,default,success,1,0,0,0,1,1,1,1,1,0,24410,151,24561,1
cpython,pair_1,LogSage,default,success,1,0,0,0,1,1,1,1,1,0,24557,474,25031,1
spring-boot,pair_1,LogSage,default,success,1,0,0,0,1,1,1,1,1,0,14348,92,14440,1
flask,pair_2,LogSage,default,success,1,0,0,0,1,1,1,1,1,0,23482,121,23603,1
hugo,pair_2,LogSage,default,success,1,0,0,0,1,1,1,1,1,0,4873,188,5061,1
spark,pair_4,LogSage,default,success,1,0,0,0,1,1,1,1,1,0,5180,115,5295,1
duckdb,pair_2,LogSage,default,success,1,0,0,0,1,1,1,1,1,0,24225,141,24366,1
gpt_academic,pair_2,LogSage,default,success,1,0,0,0,1,1,1,1,1,0,4652,170,4822,1
dubbo,pair_1,LogSage,default,success,1,0,0,0,1,1,1,1,1,0,16270,137,16407,1
laravel,pair_1,LogSage,default,success,1,0,0,0,1,1,1,1,1,0,21502,88,21590,1
ColossalAI,pair_1,LogSage,default,success,1,0,0,0,1,1,1,1,1,0,15442,133,15575,1
supabase,pair_4,LogSage,default,success,1,0,0,0,1,1,1,1,1,0,24454,119,24573,1
jan,pair_3,LogSage,default,success,1,0,0,0,1,1,1,1,1,0,6281,147,6428,1
playwright,pair_1,LogSage,default,success,1,0,0,0,1,1,1,1,1,0,15524,196,15720,1
nvm,pair_1,LogSage,default,success,1,0,0,0,1,1,1,1,1,0,9720,86,9806,1
PowerShell,pair_3,LogSage,default,success,1,0,0,0,1,1,1,1,1,0,12062,152,12214,1
laravel,pair_4,LogSage,default,success,1,0,0,0,1,1,1,1,1,0,21505,83,21588,1
certbot,pair_2,LogSage,default,success,1,0,0,0,1,1,1,1,1,0,4221,108,4329,1
slate,pair_4,LogSage,default,success,1,0,0,0,1,1,1,1,1,0,17755,99,17854,1
mongoose,pair_4,LogSage,default,success,1,0,0,0,1,1,1,1,1,0,10633,203,10836,1
stats,pair_1,LogSage,default,success,1,0,0,0,1,1,1,1,1,0,10944,167,11111,1
dify,pair_4,LogSage,default,success,1,0,0,0,1,1,1,1,1,0,22823,120,22943,1
code-server,pair_3,LogSage,default,success,1,0,0,0,1,1,1,1,1,0,24413,146,24559,1
cypress,pair_2,LogSage,default,success,1,0,0,0,1,1,1,1,1,0,8701,90,8791,1
ColossalAI,pair_2,LogSage,default,success,1,0,0,0,1,1,1,1,1,0,24527,795,25322,1
dubbo,pair_3,LogSage,default,success,1,0,0,0,1,1,1,1,1,0,25294,154,25448,1
n8n,pair_4,LogSage,default,success,1,0,0,0,1,1,1,1,1,0,24425,240,24665,1
lossless-cut,pair_3,LogSage,default,success,1,0,0,0,1,1,1,1,1,0,21166,159,21325,1
flask,pair_1,LogSage,default,success,1,0,0,0,1,1,1,1,1,0,19268,129,19397,1
prettier,pair_4,LogSage,default,success,1,0,0,0,1,1,1,1,1,0,24390,123,24513,1
flask,pair_3,LogSage,default,success,1,0,0,0,1,1,1,1,1,0,4787,154,4941,1
prettier,pair_2,LogSage,default,success,1,0,0,0,1,1,1,1,1,0,13098,95,13193,1
stats,pair_4,LogSage,default,success,1,0,0,0,1,1,1,1,1,0,10304,134,10438,1
fabric,pair_4,LogSage,default,success,1,0,0,0,1,1,1,1,1,0,24325,119,24444,1
styled-components,pair_1,LogSage,default,success,1,0,0,0,1,1,1,1,1,0,11623,109,11732,1
certbot,pair_3,LogSage,default,success,1,0,0,0,1,1,1,1,1,0,9649,103,9752,1
certbot,pair_4,LogSage,default,success,1,0,0,0,1,1,1,1,1,0,9642,147,9789,1
wtfpython,pair_3,LogSage,default,success,1,0,0,0,1,1,1,1,1,0,8873,153,9026,1
open-webui,pair_3,LogSage,default,success,1,0,0,0,1,1,1,1,1,0,10823,187,11010,1
insomnia,pair_1,LogSage,default,success,1,0,0,0,1,1,1,1,1,0,7524,227,7751,1
bubbletea,pair_3,LogSage,default,success,1,0,0,0,1,1,1,1,1,0,10379,122,10501,1
netdata,pair_4,LogSage,default,success,1,0,0,0,1,1,1,1,1,0,17578,102,17680,1
vllm,pair_4,LogSage,default,success,1,0,0,0,1,1,1,1,1,0,10247,360,10607,1
django,pair_4,LogSage,default,success,1,0,0,0,1,1,1,1,1,0,15532,109,15641,1
julia,pair_3,LogSage,default,success,1,0,0,0,1,1,1,1,1,0,11308,91,11399,1
okhttp,pair_3,LogSage,default,success,1,0,0,0,1,1,1,1,1,0,24347,132,24479,1
cockroach,pair_2,LogSage,default,success,1,0,0,0,1,1,1,1,1,0,21292,226,21518,1
supabase,pair_1,LogSage,default,success,1,0,0,0,1,1,1,1,1,0,16444,129,16573,1
godot,pair_2,LogSage,default,success,1,0,0,0,1,1,1,1,1,0,18759,94,18853,1
terminal,pair_4,LogSage,default,success,1,0,0,0,1,1,1,1,1,0,3886,89,3975,1
grafana,pair_3,LogSage,default,success,1,0,0,0,1,1,1,1,1,0,24369,689,25058,1
hugo,pair_1,LogSage,default,success,1,0,0,0,1,1,1,1,1,0,4882,255,5137,1
llama_index,pair_3,LogSage,default,success,1,0,0,0,1,1,1,1,1,0,23650,156,23806,1
open-webui,pair_2,LogSage,default,success,1,0,0,0,1,1,1,1,1,0,11854,120,11974,1
meilisearch,pair_1,LogSage,default,success,1,0,0,0,1,1,1,1,1,0,11372,102,11474,1
spring-boot,pair_3,LogSage,default,success,1,0,0,0,1,1,1,1,1,0,24575,374,24949,1
ionic-framework,pair_2,LogSage,default,success,1,0,0,0,1,1,1,1,1,0,3643,199,3842,1
fabric,pair_3,LogSage,default,success,1,0,0,0,1,1,1,1,1,0,8093,91,8184,1
markitdown,pair_2,LogSage,default,success,1,0,0,0,1,1,1,1,1,0,21795,292,22087,1
lossless-cut,pair_2,LogSage,default,success,1,0,0,0,1,1,1,1,1,0,18519,224,18743,1
youtube-dl,pair_2,LogSage,default,success,1,0,0,0,1,1,1,1,1,0,24559,189,24748,1
nvm,pair_4,LogSage,default,success,1,0,0,0,1,1,1,1,1,0,20023,103,20126,1
generative-ai-for-beginners,pair_1,LogSage,default,success,1,0,0,0,1,1,1,1,1,0,19830,163,19993,1
fabric,pair_2,LogSage,default,success,1,0,0,0,1,1,1,1,1,0,24499,90,24589,1
hugo,pair_3,LogSage,default,success,1,0,0,0,1,1,1,1,1,0,9683,268,9951,1
markitdown,pair_3,LogSage,default,success,1,0,0,0,1,1,1,1,1,0,11842,154,11996,1
meilisearch,pair_2,LogSage,default,success,1,0,0,0,1,1,1,1,1,0,11487,115,11602,1
gpt_academic,pair_3,LogSage,default,success,1,0,0,0,1,1,1,1,1,0,14835,255,15090,1
nvm,pair_2,LogSage,default,success,1,0,0,0,1,1,1,1,1,0,20105,108,20213,1
slate,pair_3,LogSage,default,success,1,0,0,0,1,1,1,1,1,0,18089,106,18195,1
pandas,pair_3,LogSage,default,success,1,0,0,0,1,1,1,1,1,0,17817,124,17941,1
mongoose,pair_1,LogSage,default,success,1,0,0,0,1,1,1,1,1,0,24370,149,24519,1
pandas,pair_4,LogSage,default,failed,0,0,0,0,0,0,0,0,0,0,0,0,0,0
godot,pair_1,LogSage,default,success,1,0,0,0,1,1,1,1,1,0,23185,175,23360,1
spark,pair_2,LogSage,default,success,1,0,0,0,1,1,1,1,1,0,5173,110,5283,1
grafana,pair_2,LogSage,default,success,1,0,0,0,1,1,1,1,1,0,24486,437,24923,1
RxJava,pair_1,LogSage,default,success,1,0,0,0,1,1,1,1,1,0,24334,134,24468,1
pixijs,pair_1,LogSage,default,success,1,0,0,0,1,1,1,1,1,0,15960,260,16220,1
n8n,pair_2,LogSage,default,success,1,0,0,0,1,1,1,1,1,0,13970,192,14162,1
PowerShell,pair_1,LogSage,default,success,1,0,0,0,1,1,1,1,1,0,12574,150,12724,1
django,pair_3,LogSage,default,success,1,0,0,0,1,1,1,1,1,0,11037,91,11128,1
gpt4all,pair_4,LogSage,default,success,1,0,0,0,1,1,1,1,1,0,12730,110,12840,1
lx-music-desktop,pair_1,LogSage,default,success,1,0,0,0,1,1,1,1,1,0,21650,113,21763,1
fuels-ts,pair_1,LogSage,default,success,1,0,0,0,1,1,1,1,1,0,11667,200,11867,1
duckdb,pair_1,LogSage,default,success,1,0,0,0,1,1,1,1,1,0,17354,258,17612,1
dify,pair_1,LogSage,default,success,1,0,0,0,1,1,1,1,1,0,9738,130,9868,1
htmx,pair_2,LogSage,default,success,1,0,0,0,1,1,1,1,1,0,10314,112,10426,1
ink-kit,pair_3,LogSage,default,success,1,0,0,0,1,1,1,1,1,0,11661,133,11794,1
tailwindcss,pair_1,LogSage,default,success,1,0,0,0,1,1,1,1,1,0,5485,172,5657,1
okhttp,pair_2,LogSage,default,success,1,0,0,0,1,1,1,1,1,0,9943,183,10126,1
mantine,pair_1,LogSage,default,success,1,0,0,0,1,1,1,1,1,0,24431,113,24544,1
slate,pair_1,LogSage,default,success,1,0,0,0,1,1,1,1,1,0,3933,86,4019,1
mongoose,pair_2,LogSage,default,success,1,0,0,0,1,1,1,1,1,0,24431,145,24576,1
dubbo,pair_4,LogSage,default,success,1,0,0,0,1,1,1,1,1,0,25451,129,25580,1
starship,pair_2,LogSage,default,success,1,0,0,0,1,1,1,1,1,0,10548,140,10688,1
grafana,pair_4,LogSage,default,success,1,0,0,0,1,1,1,1,1,0,24510,240,24750,1
PowerShell,pair_4,LogSage,default,success,1,0,0,0,1,1,1,1,1,0,8533,104,8637,1
mongoose,pair_3,LogSage,default,success,1,0,0,0,1,1,1,1,1,0,19208,165,19373,1
code-server,pair_1,LogSage,default,success,1,0,0,0,1,1,1,1,1,0,24404,124,24528,1
starship,pair_1,LogSage,default,success,1,0,0,0,1,1,1,1,1,0,10540,137,10677,1
ColossalAI,pair_4,LogSage,default,success,1,0,0,0,1,1,1,1,1,0,14961,104,15065,1
stats,pair_2,LogSage,default,success,1,0,0,0,1,1,1,1,1,0,10707,114,10821,1
uv,pair_3,LogSage,default,success,1,0,0,0,1,1,1,1,1,0,24447,185,24632,1
LLMs-from-scratch,pair_3,LogSage,default,success,1,0,0,0,1,1,1,1,1,0,22731,306,23037,1
AutoGPT,pair_3,LogSage,default,success,1,0,0,0,1,1,1,1,1,0,13358,97,13455,1
okhttp,pair_1,LogSage,default,success,1,0,0,0,1,1,1,1,1,0,10768,218,10986,1
retrofit,pair_1,LogSage,default,success,1,0,0,0,1,1,1,1,1,0,22803,198,23001,1
lossless-cut,pair_4,LogSage,default,success,1,0,0,0,1,1,1,1,1,0,21244,227,21471,1
n8n,pair_1,LogSage,default,success,1,0,0,0,1,1,1,1,1,0,24412,280,24692,1
cpython,pair_3,LogSage,default,success,1,0,0,0,1,1,1,1,1,0,22060,173,22233,1
pixijs,pair_2,LogSage,default,success,1,0,0,0,1,1,1,1,1,0,24869,63,24932,1
Ghost,pair_2,LogSage,default,success,1,0,0,0,1,1,1,1,1,0,6732,193,6925,1
generative-ai-for-beginners,pair_4,LogSage,default,success,1,0,0,0,1,1,1,1,1,0,17231,245,17476,1
ink-kit,pair_1,LogSage,default,success,1,0,0,0,1,1,1,1,1,0,16902,168,17070,1
jan,pair_1,LogSage,default,success,1,0,0,0,1,1,1,1,1,0,7809,153,7962,1
gpt4all,pair_3,LogSage,default,success,1,0,0,0,1,1,1,1,1,0,12916,122,13038,1
hugo,pair_4,LogSage,default,success,1,0,0,0,1,1,1,1,1,0,13041,419,13460,1
django,pair_2,LogSage,default,success,1,0,0,0,1,1,1,1,1,0,11752,125,11877,1
markitdown,pair_4,LogSage,default,success,1,0,0,0,1,1,1,1,1,0,24461,135,24596,1
AutoGPT,pair_4,LogSage,default,success,1,0,0,0,1,1,1,1,3,2,7644,323,7967,3
terraform,pair_2,LogSage,default,success,1,0,0,0,1,1,1,1,1,0,13834,99,13933,1
bubbletea,pair_2,LogSage,default,success,0,1,0,0,0,0,0,0,1,0,17519,205,17724,1
jan,pair_2,LogSage,default,success,1,0,0,0,1,1,1,1,1,0,7812,109,7921,1
insomnia,pair_3,LogSage,default,success,1,0,0,0,1,1,1,1,1,0,10525,127,10652,1
pixijs,pair_3,LogSage,default,success,1,0,0,0,1,1,1,1,1,0,11774,205,11979,1
ui,pair_1,LogSage,default,success,1,0,0,0,1,1,1,1,1,0,14513,118,14631,1
bubbletea,pair_4,LogSage,default,success,1,0,0,0,1,1,1,1,1,0,13881,167,14048,1
vault,pair_1,LogSage,default,success,1,0,0,0,1,1,1,1,1,0,13109,93,13202,1
laravel,pair_3,LogSage,default,success,1,0,0,0,1,1,1,1,1,0,21506,100,21606,1
gpt4all,pair_2,LogSage,default,success,1,0,0,0,1,1,1,1,1,0,12589,134,12723,1
insomnia,pair_2,LogSage,default,success,1,0,0,0,1,1,1,1,1,0,24448,193,24641,1
playwright,pair_2,LogSage,default,success,1,0,0,0,1,1,1,1,1,0,3059,119,3178,1
youtube-dl,pair_1,LogSage,default,success,1,0,0,0,1,1,1,1,1,0,13124,131,13255,1
LLMs-from-scratch,pair_1,LogSage,default,success,1,0,0,0,1,1,1,1,1,0,20695,112,20807,1
starship,pair_3,LogSage,default,success,1,0,0,0,1,1,1,1,1,0,10532,125,10657,1
vault,pair_2,LogSage,default,success,1,0,0,0,1,1,1,1,1,0,4084,89,4173,1
commander.js,pair_3,LogSage,default,success,1,0,0,0,1,1,1,1,1,0,9351,149,9500,1
elasticsearch,pair_3,LogSage,default,success,1,0,0,0,1,1,1,1,1,0,24465,82,24547,1
elasticsearch,pair_1,LogSage,default,success,1,0,0,0,1,1,1,1,1,0,9149,132,9281,1
pixijs,pair_4,LogSage,default,success,1,0,0,0,1,1,1,1,1,0,11540,284,11824,1
dubbo,pair_2,LogSage,default,success,1,0,0,0,1,1,1,1,1,0,25446,159,25605,1
vllm,pair_1,LogSage,default,success,1,0,0,0,1,1,1,1,1,0,2542,84,2626,1
stable-diffusion-webui,pair_1,LogSage,default,success,1,0,0,0,1,1,1,1,1,0,9448,162,9610,1
alpine,pair_2,LogSage,default,success,1,0,0,0,1,1,1,1,1,0,11318,109,11427,1
flask,pair_4,LogSage,default,success,1,0,0,0,1,1,1,1,1,0,24490,161,24651,1
retrofit,pair_2,LogSage,default,success,1,0,0,0,1,1,1,1,1,0,24345,153,24498,1
fabric,pair_1,LogSage,default,success,1,0,0,0,1,1,1,1,1,0,14845,96,14941,1
vault,pair_3,LogSage,default,success,1,0,0,0,1,1,1,1,1,0,4085,89,4174,1
julia,pair_2,LogSage,default,success,1,0,0,0,1,1,1,1,1,0,8785,119,8904,1
gpt_academic,pair_4,LogSage,default,success,1,0,0,0,1,1,1,1,1,0,4655,302,4957,1
llama_index,pair_1,LogSage,default,success,1,0,0,0,1,1,1,1,1,0,16752,108,16860,1
ui,pair_2,LogSage,default,success,1,0,0,0,1,1,1,1,1,0,15938,224,16162,1
docling,pair_1,LogSage,default,success,1,0,0,0,1,1,1,1,1,0,19064,86,19150,1
julia,pair_4,LogSage,default,success,1,0,0,0,1,1,1,1,1,0,8232,100,8332,1
AutoGPT,pair_1,LogSage,default,success,1,0,0,0,1,1,1,1,1,0,2549,75,2624,1
playwright,pair_4,LogSage,default,success,1,0,0,0,1,1,1,1,1,0,23296,128,23424,1
terraform,pair_3,LogSage,default,success,1,0,0,0,1,1,1,1,1,0,11379,157,11536,1
AutoGPT,pair_2,LogSage,default,success,1,0,0,0,1,1,1,1,1,1,11010,289,11299,1
ionic-framework,pair_3,LogSage,default,success,1,0,0,0,1,1,1,1,1,0,23104,153,23257,1
prettier,pair_3,LogSage,default,success,1,0,0,0,1,1,1,1,1,0,24744,374,25118,1
certbot,pair_1,LogSage,default,success,1,0,0,0,1,1,1,1,1,0,4222,110,4332,1
terminal,pair_1,LogSage,default,success,1,0,0,0,1,1,1,1,1,0,3886,90,3976,1
uv,pair_1,LogSage,default,success,1,0,0,0,1,1,1,1,1,0,15716,238,15954,1
netdata,pair_3,LogSage,default,success,1,0,0,0,1,1,1,1,1,0,24320,215,24535,1
pandas,pair_1,LogSage,default,success,1,0,0,0,1,1,1,1,1,0,12696,266,12962,1
alpine,pair_1,LogSage,default,success,1,0,0,0,1,1,1,1,1,0,18359,147,18506,1
elasticsearch,pair_2,LogSage,default,success,1,0,0,0,1,1,1,1,1,0,10127,108,10235,1
terraform,pair_1,LogSage,default,success,1,0,0,0,1,1,1,1,1,0,16989,181,17170,1
netdata,pair_2,LogSage,default,success,1,0,0,0,1,1,1,1,1,0,15538,158,15696,1
neovim,pair_1,LogSage,default,success,1,0,0,0,1,1,1,1,1,0,9131,157,9288,1
stable-diffusion-webui,pair_2,LogSage,default,success,1,0,0,0,1,1,1,1,1,0,9450,151,9601,1
cypress,pair_1,LogSage,default,success,1,0,0,0,1,1,1,1,1,0,8709,90,8799,1
starship,pair_4,LogSage,default,success,1,0,0,0,1,1,1,1,1,0,10530,134,10664,1
commander.js,pair_4,LogSage,default,success,1,0,0,0,1,1,1,1,1,0,9872,136,10008,1
prettier,pair_1,LogSage,default,success,1,0,0,0,1,1,1,1,1,0,12188,135,12323,1
cockroach,pair_3,LogSage,default,success,1,0,0,0,1,1,1,1,1,0,5572,127,5699,1
commander.js,pair_2,LogSage,default,success,1,0,0,0,1,1,1,1,1,0,9849,116,9965,1
supabase,pair_2,LogSage,default,success,1,0,0,0,1,1,1,1,1,0,24426,107,24533,1
ionic-framework,pair_1,LogSage,default,success,1,0,0,0,1,1,1,1,1,0,24404,348,24752,1
spring-boot,pair_4,LogSage,default,success,1,0,0,0,1,1,1,1,1,0,14295,102,14397,1
Ghost,pair_1,LogSage,default,success,1,0,0,0,1,1,1,1,1,0,24110,361,24471,1
terminal,pair_3,LogSage,default,success,1,0,0,0,1,1,1,1,1,0,3886,89,3975,1
retrofit,pair_4,LogSage,default,success,1,0,0,0,1,1,1,1,1,0,24410,122,24532,1
n8n,pair_3,LogSage,default,success,1,0,0,0,1,1,1,1,1,0,20496,184,20680,1
julia,pair_1,LogSage,default,success,1,0,0,0,1,1,1,1,1,0,11330,79,11409,1
LLMs-from-scratch,pair_4,LogSage,default,success,1,0,0,0,1,1,1,1,1,0,20686,114,20800,1
duckdb,pair_3,LogSage,default,success,1,0,0,0,1,1,1,1,1,0,20687,253,20940,1
ollama,pair_1,LogSage,default,success,1,0,0,0,1,1,1,1,1,0,13923,101,14024,1
fuels-ts,pair_3,LogSage,default,success,1,0,0,0,1,1,1,1,1,0,24169,300,24469,1
stable-diffusion-webui,pair_3,LogSage,default,success,1,0,0,0,1,1,1,1,1,0,9441,145,9586,1
jan,pair_4,LogSage,default,success,1,0,0,0,1,1,1,1,1,0,24311,120,24431,1
retrofit,pair_3,LogSage,default,success,1,0,0,0,1,1,1,1,1,0,11725,178,11903,1
generative-ai-for-beginners,pair_3,LogSage,default,success,1,0,0,0,1,1,1,1,1,0,18911,207,19118,1
ink-kit,pair_2,LogSage,default,success,1,0,0,0,1,1,1,1,2,1,34282,393,34675,2
terminal,pair_2,LogSage,default,success,1,0,0,0,1,1,1,1,1,0,3886,89,3975,1
htmx,pair_1,LogSage,default,success,1,0,0,0,1,1,1,1,1,0,17258,138,17396,1
fuels-ts,pair_2,LogSage,default,success,1,0,0,0,1,1,1,1,1,0,23678,101,23779,1
ionic-framework,pair_4,LogSage,default,success,1,0,0,0,1,1,1,1,1,0,17739,121,17860,1
dify,pair_2,LogSage,default,success,1,0,0,0,1,1,1,1,1,0,5574,259,5833,1
cypress,pair_3,LogSage,default,success,1,0,0,0,1,1,1,1,1,0,8710,93,8803,1
laravel,pair_2,LogSage,default,success,1,0,0,0,1,1,1,1,1,0,21504,92,21596,1
generative-ai-for-beginners,pair_2,LogSage,default,success,1,0,0,0,1,1,1,1,1,0,19915,161,20076,1
AdminLTE,pair_2,LogSage,default,success,1,0,0,0,1,1,1,1,1,0,14869,133,15002,1
bubbletea,pair_1,LogSage,default,success,0,1,0,0,0,0,0,0,1,0,17992,190,18182,1
cockroach,pair_1,LogSage,default,success,1,0,0,0,1,1,1,1,1,0,24310,104,24414,1
grafana,pair_1,LogSage,default,success,0,1,0,0,0,0,0,0,1,0,18384,193,18577,1
LLMs-from-scratch,pair_2,LogSage,default,success,1,0,0,0,1,1,1,1,1,0,22423,240,22663,1
commander.js,pair_1,LogSage,default,success,1,0,0,0,1,1,1,1,1,0,15597,96,15693,1
tailwindcss,pair_2,LogSage,default,success,1,0,0,0,1,1,1,1,1,0,5311,191,5502,1
wtfpython,pair_2,LogSage,default,success,1,0,0,0,1,1,1,1,1,0,8764,122,8886,1
cpython,pair_4,LogSage,default,success,1,0,0,0,1,1,1,1,1,0,24417,146,24563,1
godot,pair_4,LogSage,default,success,1,0,0,0,1,1,1,1,1,0,18873,93,18966,1
netdata,pair_1,LogSage,default,success,1,0,0,0,1,1,1,1,1,0,15528,166,15694,1
fzf,pair_1,LogSage,default,success,1,0,0,0,1,1,1,1,1,0,17983,147,18130,1
slate,pair_2,LogSage,default,success,1,0,0,0,1,1,1,1,1,0,17328,99,17427,1
godot,pair_3,LogSage,default,success,1,0,0,0,1,1,1,1,1,0,23328,236,23564,1
open-webui,pair_4,LogSage,default,success,1,0,0,0,1,1,1,1,1,0,11029,185,11214,1
lossless-cut,pair_1,LogSage,default,success,1,0,0,0,1,1,1,1,1,0,19824,151,19975,1
vllm,pair_3,LogSage,default,success,1,0,0,0,1,1,1,1,1,0,2548,91,2639,1
meilisearch,pair_3,LogSage,default,success,1,0,0,0,1,1,1,1,1,0,15331,233,15564,1
ColossalAI,pair_3,LogSage,default,success,1,0,0,0,1,1,1,1,1,0,24527,731,25258,1
cpython,pair_2,LogSage,default,success,1,0,0,0,1,1,1,1,1,0,22293,303,22596,1
playwright,pair_3,LogSage,default,success,1,0,0,0,1,1,1,1,1,0,24415,84,24499,1
elasticsearch,pair_4,LogSage,default,failed,0,0,0,0,0,0,0,0,0,0,0,0,0,0
spark,pair_1,LogSage,default,success,1,0,0,0,1,1,1,1,1,0,5173,124,5297,1
PowerShell,pair_2,LogSage,default,success,1,0,0,0,1,1,1,1,1,0,12348,183,12531,1